"BL record ID","Composer","Composer life dates","Title","Publication date (standardised)","Publication date (not standardised)","Place of publication","Publisher","ISBN","ISMN","Publisher number","BL shelfmark"
"001279866","","","The Penguin book of Canadian Folk songs","1973","1973","Harmondsworth","Penguin Books","0140708421","","","mH00/3305 ; X.439/3548"
"001312079","","","Anthology for The musician's guide to theory and analysis","2005","c2005","New York","WW Norton & Co","0393925765","","","F.1946.h"
"001706700","Hofhaimer, Paul","1459-1537","Harmoniae poeticae Pauli Hofheimeri : viri equestri dignitate insigni, ac musici excellentis, quales sub ipsam mortem cecinit, qualesque ante hac nunquàm visae, tum vocibus humanis, tum etiam instrumentis accommodatissimae. Quibus praefixus est libellus plenus doctissimorum virorum de eodem D. Paulo testimonijs. Unà cum selectis ad hanc rem locis, è poetis, accommodatioribus, seorsim tum decantandis, tum praelegendis","1539","1539","Norimbergae","Apud Iohan Petreium","","","","1070.c.12.(1.) ; 1213.i.1 ; G.727"
"001825532","","","Istituzioni e monumenti dell'arte musicale italiana","1931","1931-1939","Milano","Ricordi","","","","Hirsch IV.975 ; H.14"
"002225270","Chapman, Mary, (Musician)","","Eight ball studies suitable for use in girls' and women's physical recreation","1940","1940","London","Central Council of Physical Recreation (Great Britain)","","","","D-07907.f.10"
"003050793","Razzi, Serafino","1531-","Santuario di laudi : o vero rime spirituali, per le feste di ciaschedun santo, solennemente celebrato per tutto l'anno da S. Chiesa : con eziandio quelle delle feste mobili : e di alcune da cantarsi nel vestire di monache : con brevi annotazioni in prosa","1609","1609","In Firenze","Apresso Bartolommeo Sermartelli, e fratelli","","","","11427.ee.25"
"003081869","Íslenzka stúdentafélag","","Söngbók hins Íslenzka Stúdentafjelags","1894","1894","Reykjavík","Í aðalumboðssölu hjá Sigfúsi Eymundssyni","","","","866.k.15"
"003240772","Sanchis Guarner, Manuel","","Cancçoneret Valencià de Nadal : Segona edició molt augmentada","1973","1973","València","Editorial Gorg","","","","P.521/1605.(3.)"
"004083483","Liturgies.Latin Rite. Graduals. II. Local. Passau. 1511","","Graduale Pataviense (Wien 1511). Faksimile. Herausgegeben von Christian Väterlein","1982","","Kassel London Bärenreiter, 1982","","","","","H.995.b./87"
"004162358","","","A B C D E F G H : The First Part of the Horn Book. Set to Music in the key of D with the Greater Third","1795","1795","London","Longman & Broderip","","","","G.356.(6.)"
"004162359","","","À bas la crinoline! : Schottisch pour piano","1857","1857","Vienne","C A Spina","","","","Hirsch M.1302.(6.)"
"004162360","","","À certaine loterie : La Loterie ambulante","1785","1785","Paris","Chez Camand","","","","B.362.(201.)"
"004162361","","","À confesse m'en suis allé : La Penitanse Agréable. [Song.] Avec Accompagnement de Guitare","1785","1785","Paris","","","","","B.362.b.(164.)"
"004162362","","","À deux époques de la vie. Les Plus Jolis Mots de la Langue. [Song.] Air: Bon soir ma jeune, etc","1785","1785","Paris","","","","","B.362.b.(159.)"
"004162363","","","A dolce sonno in sen. Cantata a duo voce et basso [sic]","1788","1788","","","","","","P.P.5141.b"
"004162364","","","A.L. Recorder Music Series","1939","1939-1940","Leeds ","E J Arnold & Son","","","","f.584"
"004162365","","","À l'abri des traits de l'amour. Air leger","1744","1744","Paris","","","","","298.b.24"
"004162366","","","À l'Amour n'offrons point de vœux. Chanson","1744","1744","Paris","","","","","298.b.29"
"004162367","","","À l'exposition. Illustrations musicales de: Georges Auric, Marcel Delannoy, Jacques Ibert, Darius Milhaud, Francis Poulenc, Henri Sauguet, Florent Schmitt, Germaine Tailleferre. [P.F.]","1937","1937","Paris","R Deiss","","","","g.1126.c.(23.)"
"004162368","","","À l'ombre d'un saule. Romance du Saule, chantée dans L'Othello de Shakespeare, musique et paroles - traduites de l'anglais -, d'après un manuscrit du temps","1899","1899","Paris","","","","","P.P.4283.m.(3.)"
"004162369","","","À l'ombre de ce hêtre. Couplets. [Words] Par N. C","1731","1731","Paris","","","","","298.a.18"
"004162370","","","La serenata de n'affritto 'nnammorato. [Song, words by] T. Tasso","1850","1850","Naples","De Marco","","","","D.737.(18.)"
"004162371","","","À la fin ces deserts on repris leur verdure. Air Nouveau. [Words by the Abbé Mallemant de Messange.]","1679","1679, p","Nouveau Mercure Galant, May","","","","","P.P.4482"
"004162372","","","À la Foire de Gonnesse. La Foire de Gonnesse. [Song.]","1780","1780","Paris","","","","","B.362.b.(92.)"
"004162373","","","À la fortune à la gloire. Air Nouveau. Accompt. de Guitarre par M. Gonnin","1785","1785","Paris","Chez les frères Savigny","","","","B.362.f.(46.)"
"004162374","","","À la rose fraichement éclose. Ariette nouvelle. Musique allemande, paroles de M. de Bourdie","1780","c 1780","","","","","","B.362.n.(20.)"
"004162375","","","À ma Mâitresse qui vouloit que je renonçasse à l'amour. [Song.]","1785","","","","","","","B.362.f.(55.)"
"004162376","","","À Paris l'esprit vient trop tôt. Parodie du Corsaire. [Song, adapted to 'On se presse toujours trop tôt,' from Dalayrac's 'Le Corsaire'.]","1783","1783","Paris","","","","","B.362.c.(77.)"
"004162377","","","À peine a t'on douze à treize ans. Ariette","1780","1780","Paris","","","","","B.362.e.(2.)"
"004162378","","","À peine la verdure, le plus beau des présents. Ariette Nouvelle. [With guitar accompaniment.]","1780","1780","Paris","","","","","B.362.b.(58.)"
"004162379","","","À quinze ans à peine. Les Petits Graviers. Complainte vraie","1899","1899","Paris","G Ondet","","","","H.2399.(35.)"
"004162380","","","À quoi sert de faire morale. Le Duo d'Amour. [Words] par Mr. Préchac, Air: L'homme est une Marionette. [Song.]","1785","1785","Paris","Chez les frères Savigny","","","","B.362.f.(51.)"
"004162381","","","À quoi sert de faire morale. Le Duo d'Amour. [Words] par Mr. Préchac, Air: L'homme est une Marionette. [Song.]","1785","1785","Paris","Chez les frères Savigny","","","","B.362.(238.)"
"004162382","","","A te serbami per sempre. Arietta Napolitana","1835","1835","London","","","","","H.2831.c.(1.)"
"004162383","","","À une Jeune Fille à qui l'Auteur avait pris un Certain Anneau. [Song.]","1785","","","","","","","B.362.(67.)"
"004162384","","","À une jolie Crèmière, etc","1780","1780","","","","","","B.362.(150.)"
"004162385","","","À votre belle. [Song.]","1795","1795","London","J Dale","","","","H.1652.z.(5.)"
"004162386","","","Tantum ergo, di A. [S.A.T.B., unaccompanied.] <Romanze aus der Oper: Alfred der Grosse ... von J.P. Schmidt.>","1830","1830","Leipzig","Breitkopf und Haertel","","","","P.P.1945"
"004162387","Ariosti, Attilio Malachia","1666-1729","Alla Maestà di Giorgio Rè della Gran Britagna etc.: etc.: [Six cantatas, and six lessons for viola d'amore. Without titlepage. The dedicatory preface signed by A. A., i.e. Attilio Ariosto.]","1728","1728","London","","","","","K.10.b.14"
"004162388","","","Alla Maestà di Giorgio Rè della Gran Britagna etc.: etc.: [Six cantatas, and six lessons for viola d'amore. Without titlepage. The dedicatory preface signed by A. A., i.e. Attilio Ariosto.]","1728","1728","London","","","","","I.350.b"
"004162389","Ariosti, Attilio Malachia","1666-1729","Alla Maestà di Giorgio Rè della Gran Britagna etc.: etc.: [Six cantatas, and six lessons for viola d'amore. Without titlepage. The dedicatory preface signed by A. A., i.e. Attilio Ariosto.]","1728","1728","London","","","","","R.M.13.d.13"
"004162390","A, A. F.","","The Evelyn mazurka ... By A. F. A. [P.F.]","1863","1863","London","","","","","h.1460.(1.)"
"004162391","A, A. F.","","The 1st Herts Light Horse galop ... By A. F. A. (P.F.)","1863","1863","London","","","","","h.1460.(2.)"
"004162392","A, A. L. M.","","Vesper Hymn. [Begins: 'Thro'out the hours of darkness'.] Words and music by A. L. M. A","1919","1919","London","Weekes & Co","","","","I.600.e.(395.)"
"004162393","A, A. W.","","Empire Hymn. [Unison.] Words and music by A. W. A","1913","1913","Glasgow, Edinburgh","Paterson, Sons & Co","","","","F.538.f.(1.)"
"004162394","A, A. W.","","Hameland. Song, words & music by A. W. A., etc","1912","1912","Glasgow","M Allan","","","","H.1792.ll.(1.)"
"004162395","A, A. W.","","Thy Hand, oh God, has guided. [Hymn.]","1898","1898","London","Weekes & Co","","","","I.600.a.(79.)"
"004162396","A, A. W.","","What those lads learnt","1919","1919","","","","","","M-1879.cc.12.(9.)"
"004162397","A, C.","","Except the Lord build the House. Anthem ... by C. A[ston]","1926","1926","London","Novello and Co","","","","E.442.s.(1.)"
"004162398","A, C.","","Hymns for Children by Mrs. Alexander - C. F. A. - With Tunes. Arranged by C. A[ston]","1905","1905","London","Novello and Co","","","","C.471"
"004162399","A, C.","","If ye then be risen with Christ. Anthem ... by C. A[ston]","1926","1926","London","Novello and Co","","","","E.442.s.(2.)"
"004162400","A, C.","","O give Thanks. Anthem for four voices ... Composed by C. A[ston]","1905","1905","London","Novello and Co","","","","F.231.cc.(1.)"
"004162401","A, C.","","There were Shepherds abiding. Anthem ... by C. A[ston]","1926","1926","London","Novello and Co","","","","E.442.s.(3.)"
"004162402","E. A.","","Now is there solemn pause. Arranged from a German battle hymn 'I thought to meet no more', arranged from a Roman Chant by E. A","1843","1843","London","","","","","H.879.(1.)"
"004162403","A, E. G.","","We think on thee. Duet. [Begins: 'When early violets'.]","1860","1860","Newcastle on Tyne","","","","","H.1771.(1.)"
"004162404","A, E. H.","","A Farewell to the Old Year. [Song, begins: 'Go! winter bears thee'.] Words by Miss R. Acton. Music by E. H. A[rundel]","1877","1877","London","","","","","H.1778.(3.)"
"004162405","A, E. H.","","Queen Guennivar's Round. [Song, begins: 'Naiad for Grecian waters'.] Words by ... R. S. Hawker. Music by E. H. A[rundel]","1876","1876","London","","","","","H.1778.(2.)"
"004162406","A, E. H.","","The Silent Tower of Bottreau. [Song, begins: 'Tintadgel's bells ring'.] The words ... by ... R. S. Hawker. Music by E. H. A[rundel]","1876","1876","London","","","","","H.1778.(1.)"
"004162407","A, E. H.","","Tunes set to some favourite Church hymns by E. H. A[rundel]","1876","1876","London","","","","","B.699.g.(1.)"
"004162408","Maria Antonia Walpurgis, Electress, consort of Friedrich Christian, Elector of Saxony","1724-1780","Talestri, Regina delle Amazzoni. Dramma per Musica di E[rmelinda] T[alia] P[astorella] A[rcada]. [Score.]","1765","1765","Lipsia","Dalla Stamparia di B C Breitkopf e Figlio","","","","F.99"
"004162409","Maria Antonia Walpurgis, Electress, consort of Friedrich Christian, Elector of Saxony","1724-1780","Talestri, regina delle amazzoni. Dramma per musica di E. T. P. A. [i.e. Ermelinda Talia Pastorella Arcada.] [Score. With seven plates, and a frontispiece.]","1765","1765","Lipsia","Giovan Gottl Imman Breitkopf","","","","Hirsch II 562"
"004162410","Maria Antonia Walpurgis, Electress, consort of Friedrich Christian, Elector of Saxony","1724-1780","Il Trionfo della Fedeltà. Dramma pastorale per musica di E. T. P. A. [Score.]","1756","1756","Lipsia","Dalla Stamperia di G G I Breitkopf","","","","F.99.a"
"004162411","Maria Antonia Walpurgis, Electress, consort of Friedrich Christian, Elector of Saxony","1724-1780","Il Trionfo della Fedeltà. Dramma pastorale per musica di E. T. P. A. [Score.]","1756","1756","Lipsia","Dalla Stamperia di G G I Breitkopf","","","","R.M.9.a.1"
"004162412","Maria Antonia Walpurgis, Electress, consort of Friedrich Christian, Elector of Saxony","1724-1780","Il Trionfo della Fedeltà. Dramma pastorale per musica di E. T. P. A. [Score.]","1756","1756","Lipsia","Dalla Stamperia di G G I Breitkopf","","","","Hirsch II 563"
"004162413","Maria Antonia Walpurgis, Electress, consort of Friedrich Christian, Elector of Saxony","1724-1780","Il Trionfo della fedeltà. [Overture. Harpsichord]","1761","","","","","","","g.269"
"004162414","Maria Antonia Walpurgis, Electress, consort of Friedrich Christian, Elector of Saxony","1724-1780","Si sperar tu sola. Aria di Clori, etc. [Score.]","1756","1756","Paris","","","","","267.a.11"
"004162415","A, F. R.","","The Lilla waltz, etc. [P.F.]","1859","1859","London","","","","","h.977.(1.)"
"004162416","A, G. E.","","The Amaranth Polka [P.F.]","1848","1848","Cheltenham","","","","","h.938.(1.)"
"004162417","A, G. J.","","The Queen of the Nation waltzes. By G. J. A. [P.F.]","1860","1860","London","","","","","h.1460.(3.)"
"004162419","A, I., M.B","","An Elegy on that Glory of her Sex. Mrs Mary Blaize. Compos'd in three parts. With givings out. By Mr. I. A. MB","1775","c 1775 s sh","London","Str & Sk Straight & Skillern","","","","H.1653.uu.(8.)"
"004162420","A, I. M.","","The Queen! the Queen. [Song, begins: 'A health, etc.'] The words by R. Andrews","1839","1839","London","","","","","H.1660.(1.)"
"004162421","A, I. P.","","Twelve easy Lessons for the Harpsichord or Organ","1780","c 1780","London","Printed for J Fentum","","","","e.1096.oo.(2.)"
"004162422","A, J.","","The Lover's Resolution. [Song.] Set by J[ohn] A[lcock] Junr., M. B","1765","1765","London","C and S Thompson","","","","H.1994.a.(30.)"
"004162423","A, J. D.","","The Flirt ... composed ... by J. D. A. [Begins: 'One week, one little week remains'.] Second edition","1857","1857","Bristol","","","","","H.1771.(2.)"
"004162424","A, J. H.","","The Old Versicles and Responses of Matins & Evensong. [Edited by J. H. A., i.e. J. H. Arnold.]","1936","1936","London","S P C K","","","","B.512.w.(5.)"
"004162425","A, J. S.","","Old Scottish Psalm Tunes : A supplement to existing psalmodies","1908","1908","London, Glasgow","Bayley & Ferguson","","","","B.580.gg"
"004162426","A, K. F.","","The Irish Times galop. By K. F. A. [P.F.]","1865","1865","Dublin","","","","","h.1460.(4.)"
"004162427","A, L. d', Viscountess","","'Méfiez vous': paroles et musique par Madame la V.tesse d'A","1841","1841","London","","","","","H.1660.(2.)"
"004162428","A, L. I.","","The Eye of Providence, a song [begins: 'Tho' tossed about']. The words and music by L. I. A","1845","1845","London","","","","","H.1772.(1.)"
"004162429","A, M. J.","","Irish Melodies, arranged for 'cello, or violin and piano by M. J. A","1923","1923","London","W Rogers","","","","g.822.(1.)"
"004162430","A, M. J.","","Oft in the stilly Night. Arranged for 'cello, or violin, and piano by M. J. A","1923","1923","London","W Rogers","","","","g.822.(2.)"
"004162431","A, M. M.","","Then think of me, song [begins: 'When rosy morn']. Words and music by M. M. A","1856","1856","London","","","","","H.1746.(1.)"
"004162432","A, M. T.","","The Crookit Bawbee. An Old Ballad with additional words (by L. Anderson)","1902","1902","Toronto","Whaley, Royce & Co","","","","H.1799.kk.(1.)"
"004162433","N. A.","","Warum? (Wann kehrt er wieder.) Romanze. Sopran (Alt), etc","1860","","","","","","","H.2171"
"004162434","A, O. B.","","Foeward set. [Hymn, begins 'Marching along', words and music by] O. B. A","1885","1885","London","","","","","I.600.(25.)"
"004162435","A, O. E.","","Claribel. [Song.] Words and music by O. E. A[dams]. Op. 56","1903","1903","London","C Woolhouse","","","","H.1799.kk.(2.)"
"004162436","A, O. E.","","Kuroki. March. Piano. O[liver]. E[dward]. A[dams]. Op. 45","1904","1904","London","C Woolhouse","","","","f.133.v.(2.)"
"004162437","A, O. E.","","O answer me! [Song.] Words and music by O. E. A[dams]. Op. 4","1903","1903","London","C Woolhouse","","","","H.1799.kk.(3.)"
"004162438","A, O. E.","","Silvery Waves of Music. [Song.] Words and music by O. E. A[dams]. Op. 39","1903","1903","London","C Woolhouse","","","","H.1799.kk.(4.)"
"004162439","A, O. E.","","Surely I call not in vain? [Song.] Words and music by O. E. A[dams]. Op. 41","1903","1903","London","C Woolhouse","","","","H.1799.kk.(5.)"
"004162440","A, O. E.","","'Togo.' March. Piano. O[liver]. E[dward]. A[dams]. Op. 46","1904","1904","London","C Woolhouse","","","","f.133.v.(1.)"
"004162441","P. A.","","A dream of the battle field, a ballad [begins: 'I wandered o'er the battle plain'], the words by T. A. The music by P. A","1857","1857","London","","","","","H.1771.(3.)"
"004162442","Andrews, Richard Hoffman","1831-","The Ethiopian Quadrilles","1847","1847","Manchester","","","","","h.942.(1.)"
"004162443","S. A.","","Short Pieces and Hymn Tunes. By S. A. [i.e. Sister Alexandrina, name in religion of Miss-Boyle.]","1915","1915","London","Joseph Williams","","","","F.607.ee.(1.)"
"004162444","S. A.","","Short Pieces and Hymn Tunes. By S. A. [i.e. Sister Alexandrina, name in religion of Miss-Boyle.]","1915","1915","London","Joseph Williams","","","","F.1123.h.(1.)"
"004162445","A, S. E.","","The Sir Walter Raleigh Quadrilles. [P.F.]","1850","1850","London","","","","","h.942.(2.)"
"004162446","A, S. M.","","Melodie. (Innocence.) Composed by S. M. A","1915","1915","","","","","","g.1134.(10.)"
"004162447","A, W.","","Christmas Carol, signed W. A., in Harlejan MSS., etc","1868","1868","","","","","","B.559.f"
"004162448","A, W. H.","","Music for the 'Catholic Hymns'. [Edited by W. H. A.]","1858","1858","Dublin","","","","","A.618.l"
"004162449","A, W. J.","","'Barney'; or, The Lay of the recruiting Sergeant. Written by H. F. K. [Song, Staff and tonic sol-fa notation. Voice part.]","1897","1897","London","Francis, Day, & Hunter","","","","H.3980.(1.)"
"004162450","","","Aa kjende du Kjell? Kjell. Norsk Folkevise","1873","1873","Christiania","","","","","11565.i.2"
"004162451","Aag, pseud","","The Death of King Dirt ... [Song.] Arranged to the original air, [Nelson, by J. Braham] by Aag, etc","1887","1887","Birmingham","The Patent Borax Works","","","","H.1260.a.(1.)"
"004162452","Aaken, G. K. van","","The Zealand Toll. Song [begins: 'In Zealand'] ... Words by C. Scott ... Arranged by P. Bucalossi","1881","1881","London","","","","","H.1787.(1.)"
"004162453","Aálst, J. A. van","","Chinese Music","1884","1884","Shanghai","","","","","F.1625"
"004162454","Aálst, J. A. van","","Chinese Music","1884","1884","Shanghai","","","","","Hirsch 1124"
"004162455","Aarburg, Ursula","","Singweisen zur Liebeslyrik der deutschen Frühe. Herausgegeben von U. Aarburg. (Beiheft zu H. Brinkmann/Liebeslyrik der deutschen Frühe.)","1956","1956","Düsseldorf","Pädagogischer Verlag Schwann","","","","11529.ee.35a"
"004162456","Aaron, Henry","","The 'Granville' Waltz. [P.F.]","1903","1903","London","Weekes & Co","","","","h.3286.bb.(1.)"
"004162457","Aarons, A. H.","","Courtship. Two Step. [P.F.]","1897","1897","Boston ","O Ditson Co","","","","h.3281.u.(1.)"
"004162458","Aarons, Alfred E.","","Antoinette. [Song.] Words by Richard Carle","1901","1901","New York","M Witmark & Sons","","","","H.3982.(1.)"
"004162459","Aarons, Alfred E.","","A China Doll. Act i. Opening chorus. Words by Harry B. Smith","1904","1904","New York ","M Witmark & Sons","","","","H.3982.(2.)"
"004162460","Aarons, Alfred E.","","A China Doll. Apple Mary Maguire ... [Song and chorus.] Words by Harry B. Smith","1904","1904","New York ","M Witmark & Sons","","","","H.3982.(5.)"
"004162461","Aarons, Alfred E.","","The butterfly and the clover. [Song.] Lyric by Harry B. Smith","1904","1904","New York ","M Witmark & Sons","","","","H.3982.(6.)"
"004162462","Aarons, Alfred E.","","Café chantant. [Song.] Words by Harry B. Smith","1904","1904","New York ","M Witmark & Sons","","","","H.3982.(7.)"
"004162463","Aarons, Alfred E.","","A China Doll. Finalei. [Song and chorus.] Words by Harry B. and Robert B. Smith","1904","1904","New York ","M Witmark & Sons","","","","H.3982.(3.)"
"004162464","Aarons, Alfred E.","","A China Doll. Finaleii. [Song and chorus.] Words by Harry B. and Robert B. Smith","1904","1904","New York ","M Witmark & Sons","","","","H.3982.(4.)"
"004162465","Aarons, Alfred E.","","Hist! hist! hist! ... [Song.] Words by Harry B. Smith","1904","1904","New York ","M Witmark & Sons","","","","H.3982.(8.)"
"004162466","Aarons, Alfred E.","","I never took a lesson in my life ... [Song.] Words by Harry B. Smith and Robert Smith","1904","1904","New York ","M Witmark & Sons","","","","H.3982.(9.)"
"004162467","Aarons, Alfred E.","","A China Doll. 'I want to see the happy man' ... [Song.] Words by Robert B. Smith","1904","1904","New York ","M Witmark & Sons","","","","H.3982.(10.)"
"004162468","Aarons, Alfred E.","","If I only had a theatre on Broadway ... [Song.] Words by Harry B. Smith","1904","1904","New York ","M Witmark & Sons","","","","H.3982.(11.)"
"004162469","Aarons, Alfred E.","","A China Doll. 'If you only know the way to pull the wires' ... [Song.] Words by Robert B. Smith","1904","1904","New York ","M Witmark & Sons","","","","H.3982.(12.)"
"004162470","Aarons, Alfred E.","","A China Doll. A lady with money. [Song.] Words by Harry B. Smith","1904","1904","New York ","M Witmark & Sons","","","","H.3982.(13.)"
"004162471","Aarons, Alfred E.","","My little china doll ... [Song.] Words by Harry B. Smith","1904","1904","New York ","M Witmark & Sons","","","","H.3982.(14.)"
"004162472","Aarons, Alfred E.","","My lucky star ... [Song.] Words by Harry B. Smith and Robert Smith","1904","1904","New York ","M Witmark & Sons","","","","H.3982.(15.)"
"004162473","Aarons, Alfred E.","","A China Doll. One umbrella would be big enough for two. Duet ... Words by Harry B. Smith","1904","1904","New York ","M Witmark & Sons","","","","H.3982.(16.)"
"004162474","Aarons, Alfred E.","","The tale of the wedding bell ... [Song.] Words by Robert B. Smith","1904","1904","New York ","M Witmark & Sons","","","","H.3982.(17.)"
"004162475","Aarons, Alfred E.","","A China Doll. That man ... [Song.] Words by Robert B. Smith","1904","1904","New York ","M Witmark & Sons","","","","H.3982.(18.)"
"004162476","Aarons, Alfred E.","","That's how to be happy though married ... [Song.] Words by Robert B. Smith","1904","1904","New York ","M Witmark & Sons","","","","H.3982.(19.)"
"004162477","Aarons, Alfred E.","","What will China do? ... [Song.] Words by Robert Smith","1904","1904","New York ","M Witmark & Sons","","","","H.3982.(20.)"
"004162478","Aarons, Alfred E.","","The Deacon and the Lady. Book & lyrics by George Totten Smith. [Musical play. Separate songs.]","1910","1910","New York","Chas K Harris","","","","H.3988.kk.(1.)"
"004162479","Aarons, Alfred E.","","Down the old green Lane. [Song.] Words by George Totten Smith","1903","1903","New York","M Witmark & Sons","","","","H.3982.(21.)"
"004162480","Aarons, Alfred E.","","Fairy-fingered Fanny. [Song.] Words by E. M. Rourke","1902","1902","New York","M Witmark & Sons","","","","H.3982.(22.)"
"004162481","Aarons, Alfred E.","","Get happy! [Song.] Words by George Totten Smith","1902","1902","New York","Leo Feist","","","","H.3982.(23.)"
"004162482","Aarons, Alfred E.","","'Honi soit qui mal y pense.' [Song.] Words by Richard Carle","1899","1899","New York, Chicago","M Witmark & Sons","","","","H.3980.(2.)"
"004162483","Aarons, Alfred E.","","Cinderella ... [Song.] Lyric by Robert B. Smith","1908","1908","Chicago","Chas K Harris","","","","H.3982.(24.)"
"004162484","Aarons, Alfred E.","","I love you every hour of the day. Duet ... Lyric by Robert B. Smith","1908","1908","Chicago","Chas K Harris","","","","H.3982.(25.)"
"004162485","Aarons, Alfred E.","","The man I marry must be a man. [Song.] Lyric by Robt. B. Smith","1908","1908","Chicago","Chas K Harris","","","","H.3982.(26.)"
"004162486","Aarons, Alfred E.","","Nellie the lady's maid. Mollie and chorus. [Song.] Lyric by Robert B. Smith","1908","1908","Chicago","Chas K Harris","","","","H.3982.(27.)"
"004162487","Aarons, Alfred E.","","The weather girl. [Song.] Lyric by Robert B. Smith","1908","1908","Chicago","Chas K Harris","","","","H.3982.(28.)"
"004162488","Aarons, Alfred E.","","You look good to me. Duet ... Lyric by Robert B. Smith","1908","1908","Chicago","Chas K Harris","","","","H.3982.(29.)"
"004162489","Aarons, Alfred E.","","I love you. [Song.] Words by G.T. Smith","1903","1903","London","Francis, Day & Hunter","","","","H.1799.kk.(6.)"
"004162490","Aarons, Alfred E.","","Life is such a Bore. [Song.] Words by Geo. Totten Smith","1902","1902","New York","M Witmark & Sons","","","","H.3982.(30.)"
"004162491","Aarons, Alfred E.","","Don't believe a tale like that ... [Song.] Words by Richard Carle","1900","1900","New York, Chicago","M Witmark & Sons","","","","H.3982.(31.)"
"004162492","Aarons, Alfred E.","","'Don't start no argerment with him' ... [Song.] Words by Richard Carle","1900","1900","New York, Chicago","M Witmark & Sons","","","","H.3982.(32.)"
"004162493","Aarons, Alfred E.","","Drink and let's be gay. (Convivial song.) ... Words by Richard Carle","1900","1900","New York, Chicago","M Witmark & Sons","","","","H.3982.(33.)"
"004162494","Aarons, Alfred E.","","It's a 'andy thing to 'ave about the 'ouse ... [Song.] Words by Richard Carle","1900","1900","New York, Chicago","M Witmark & Sons","","","","H.3982.(34.)"
"004162495","Aarons, Alfred E.","","Rob Roy Tam O'Shanter O'Brien ... [Song.] Words by Richard Carle","1900","1900","New York, Chicago","M Witmark & Sons","","","","H.3982.(35.)"
"004162496","Aarons, Alfred E.","","Miss Clementina. [Song.] Words by Richard Carle","1901","1901","New York","M Witmark & Sons","","","","H.3982.(36.)"
"004162497","Aarons, Alfred E.","","My almond-eyed Boy. [Song.] Words by Edward S. Abeles","1900","1900","New York, Chicago","M Witmark & Sons","","","","H.3982.(37.)"
"004162498","Aarons, Alfred E.","","Just a little smile ... [Song.] Words by George Totten Smith","1902","1902","New York","M Witmark & Sons","","","","H.3981.(38.)"
"004162499","Aarons, Alfred E.","","The Queen of Follyland' ... [Song.] Words by George Totten Smith","1902","1902","New York","M Witmark & Sons","","","","H.3982.(39.)"
"004162500","Aarons, Alfred E.","","'When I go on the stage' ... [Song.] Words by George Totten Smith","1902","1902","New York","M Witmark & Sons","","","","H.3982.(40.)"
"004162501","Aarons, Alfred E.","","My saffron-colored Sue. [Song.] Words by Richard Carle","1898","1898","New York","Jos W Stern & Co","","","","H.3980.(3.)"
"004162502","Aarons, Alfred E.","","O Mona San. [Song.] Words by Geo. V. Hobart","1900","1900","New York, Chicago","M Witmark & Sons","","","","H.3982.(41.)"
"004162503","Aarons, Alfred E.","","Ragtime Liz. [Song.] Words by Richard Carle","1898","1898","New York, Chicago","M Witmark & Sons","","","","H.3980.(4.)"
"004162504","Aarons, Alfred E.","","Sister Mary Ann has got the Measles. [Song.] Words by George V. Hobart","1900","1900","New York, Chicago","M Witmark & Sons","","","","H.3982.(42.)"
"004162505","Aarons, Alfred E.","","Soldiers of America. March and Two Step. [P.F.]","1900","1900","New York ","M Witmark & Sons","","","","h.3286.n.(1.)"
"004162506","Aarons, Alfred E.","","Think it over. [Song.] Words by Richard Carle","1902","1902","New York","M Witmark & Sons","","","","H.3982.(43.)"
"004162507","Aarons, Alfred E.","","The Doll's Promenade. [P.F.]","1904","1904","New York ","M Witmark & Sons","","","","h.4120.(1.)"
"004162508","Aarons, Emanuel","","Pearls & Savages. A Cycle of Papuan Melodies ... discovered by F. Hurley. Arranged and composed by E. Aarons. [P.F.]","1921","1921","Sydney ","W H Paling & Co","","","","g.1127.(1.)"
"004162509","Aarons, Joze","","Bid me return. Song, words and music by J. Aarons, etc","1914","1914","London","West & Co","","","","H.1792.ll.(2.)"
"004162510","Aarons, Sam","","The East End Aristocracy ... (Song.) Written by Dave Hall","1907","1907","London","London Printing Press","","","","H.3982.(44.)"
"004162511","Aarons, Sam","","Melonland. [Song.] Written and composed by S. Aarons","1919","1919","Liverpool","Monarch Music Co","","","","H.3988.kk.(3.)"
"004162512","Aarseth, Arthur","","Poor Mary Anne O'Shea. [Song.] Words by George C. Mack","1917","1917","New York ","M Witmark & Sons","","","","H.3988.kk.(2.)"
"004162513","Aarts, Franciscus","","Italiaansch Musiek-Boek, over de Liederen van Dirk Raphaelsz. Kamphuysen ... Cantus of Tenor","1705","1705","Amsterdam","Gedrukt voor den Autheur","","","","C.383"
"004162514","Aav, E. (Evald)","1900-1939","Hommik. [Words by] J. Liiv. (Segakoorille.)","1946","1946","Geislingen","Eesti Kooride Keskus","","","","G.788.d.(1.)"
"004162515","Aav, E. (Evald)","1900-1939","Tervitus kevadele = Frühlingsgruss","1935","1935","Tallinn","Kultuurkapitali helikunsti sihtkapitali kirjastus","","","","H.1847.i.(6.)"
"004162516","Aav, E. (Evald)","1900-1939","Olavi aaria ooperist 'Vikerlased'. Olaf's Arie aus der Oper 'Der Wikinger'. (Originaltext W. Loo. Aus dem Estnischen J. Kaljuvee. Baritonile.) [Vocal score.] Est. & Ger","1933","1933","Tallinn","Kultuurkapitali helikunsti sihtkapitali kirjastus","","","","H.1847.i.(7.)"
"004162517","Aavik, Juhan","","Eesti muusika ajalugu. i (ii. Kunstmuusika.) [With melodies.]","1965","1965, 69","Stockholm","Eesti Lauljaskond Rootsis Väljaanne","","","","X.439/1880"
"004162518","Aavik, Juhan","","50 eesti rahvaviisi IV. Op. 14. Soololaulule ja klaverile või ainult klaverile","1960","1960","Stockholm","","","","","H.1248.y.(1.)"
"004162519","Aavik, Juhan","","Emake. Rahvaluule","","","","","","","","G.788.d.(4.)"
"004162520","Aavik, Juhan","","Hoia Jumal Eestit. [Words by] L. Raudkopp. [With other part-songs by various composers.]","1946","1946","Geislingen","Eesti Kooride Keskus","","","","D.836.k.(5.)"
"004162521","Aavik, Juhan","","Kooli leelo. i. Algkooli nooremate klasside lauluvara","1956","1956","Stockholm","Rootsi-Eesti Õpperaamatute-fond","","","","D.485.l.(1.)"
"004162522","Aavik, Juhan","","Kooli leelo. iii Keskkooli ja gümnaasiumi lauluvara","1947","1947","Stockholm","Rootsi-Eesti Õpperaamatufond","","","","D.485.l.(2.)"
"004162523","Aavik, Juhan","","Laulud Kodumaast. Valimik rahvalikke laule segakoorile","1947","1947","Stockholm","Eestu Raamat","","","","D.836.l.(2.)"
"004162524","Aavik, Juhan","","7 pala klaverile. (Seven pieces for piano.)","1960","1960","New York","Ludvig Juht'i nimeline eesti muusikafond","","","","g.1128.zz.(6.)"
"004162525","Aavik, Juhan","","Porkuni mälestused. Klaveri süit. Souvenirs de Porkuni, etc. <Op. 27> no. 1","1937","1937","Tallinn","Kultuurkapitali helikunsti sihtkapitali kirjastus","","","","h.62.f.(1.)"
"004162526","Aavik, Juhan","","Porkuni mälestused. Klaveri süit. Souvenirs de Porkuni, etc. <Op. 27> no. 1. Kultuurkapitali helikunsti sihtkapitali kirjastus: Tallinn 1937. Imperfect; wanting no.2-5","1949","1949","Stockholm","Eesti Raamat","","","","D.836.l.(1.)"
"004162527","Abacea, Reuben","","Godetia. Waltz. [P.F.]","1887","1887","London","Garraway Brothers","","","","h.975.m.(1.)"
"004162529","Dall'Abaco, Evaristo Felice","1675-1742","Concerto all'unisono ... Für Streichorchester und Cembalo ... Praktische Neu-Ausgabe und Generalbass-Aussetzung von ... Rudolf Lück. Partitur, etc","1967","1967","Köln","Musikverlag Hans Gerig","","","","g.1067.o.(11.)"
"004162530","Dall'Abaco, Evaristo Felice","1675-1742","Concerto da chiesa (op. 2 n. 4) per orchestra d'archi, Libera trascrizione di Ettore Bonelli ... Partitura, etc","1957","1957","Padova","G Zanibon","","","","h.2782.u.(3.)"
"004162531","Dall'Abaco, Evaristo Felice","1675-1742","Concerto für zwei Violinen, Viola und Basso continuo ... Herausgegeben von Günter Kehr. Partitur, etc","1968","1968","Mainz","B Schott's Söhne","","","","g.934.(7.)"
"004162532","Dall'Abaco, Evaristo Felice","1675-1742","Concerti à più Istrumenti ... Opera Quinta. Libro Primo","1717","1717","Amsterdam","Chez Jeanne Roger","","","","f.19"
"004162533","Dall'Abaco, Evaristo Felice","1675-1742","Concerti à più Istrumenti ... Opera Quinta. Libro Primo. (Organo.)","1720","1720","Amsterdam","Michel Charles Le Cene","","","","R.M.26.a.8.(1.)"
"004162534","Dall'Abaco, Evaristo Felice","1675-1742","Konzert C-dur. Concerto C-major. Für Oboe, Streicher und Basso continuo ... Herausgegeben von ... Helmut Winschermann ... Partitur","1960","1960","Hamburg","Musikverlag Hans Sikorski","","","","g.420.jj.(6.)"
"004162535","Dall'Abaco, Evaristo Felice","1675-1742","Concerti à più Istrumenti ... Opera Sesta, etc. (Violoncello.)","1725","1725","Amsterdam","Michele Carlo Le Cene","","","","R.M.26.a.8.(2.)"
"004162536","Dall'Abaco, Evaristo Felice","1675-1742","Sechs Sonaten ... für Violine und Generalbass ... Neuausgabe nach dem Urtext für Violine und Klavier (Cembalo), Violoncello (Viola da Gamba) ad lib., herausgegeben von Walter Kolneder, etc. [Score and parts.]","1956","1956","Mainz ; London","B Schott's Söhne ; Schott & Co","","","","g.500.cc.(14.)"
"004162537","Dall'Abaco, Evaristo Felice","1675-1742","Sonata a tre. Op. 3. No. 4, G dur-da chiesa- (No. 5, D dur-da chiesa-) (No. 9. A moll-da camera-) für 2 Violinen, Violoncell und Pianoforte. [Parts.]","1903","","","","","","","g.1234.b"
"004162538","Dall'Abaco, Evaristo Felice","1675-1742","Triosonate C-Dur ... für zwei Violinen und Basso continuo ... Herausgegeben von Frederick F. Polnauer. [Score and parts.]","1968","1968","Mainz","B Schott's Söhne","","","","g.1000.b.(7.)"
"004162539","Dall'Abaco, Evaristo Felice","1675-1742","Sonata in si minore ... per archi e organo (o cembalo). Revisione di Guido Guerrini. [Score.]","1965","1965","Milano","G Ricordi & c","","","","f.390.u.(6.)"
"004162540","Dall'Abaco, Evaristo Felice","1675-1742","Suite ... in G moll ... herausgegeben von H. Riemann. Für 2 Violinen, Violoncell und Pianoforte","1898","1898","London","Augener & Co","","","","g.417.h.(1.)"
"004162541","Dall'Abaco, Evaristo Felice","1675-1742","Sarabanda. Third movement from the suite (sonata da camera) ... Arrangement for pianoforte duet by Dr. Hugo Riemann","1903","1903","","","","","","P.P.1945.hd"
"004162542","Dall'Abaco, Evaristo Felice","1675-1742","Sonata in H-moll, etc. [Violin and P.F.]","1909","","","","","","","h.1684.d.(3.)"
"004162543","Dall'Abaco, Joseph-Marie-Clément","1710-1805","Sonate No. 2. F-Dur ... für zwei Violoncelli. Herausgegeben von Jürgen Braun. [Score.]","1971","1971","Mainz","B Schott's Söhne","","","","g.512.l.(3.)"
"004162544","Dall'Abaco, Joseph-Marie-Clément","1710-1805","La Zampogna. The Bagpipe. [Violoncello and [piano]","1912","","","","","","","h.1851.g.(9.)"
"004162545","Abadie, Louis","","L'Amoureux de Pontoise. Romance extra-sentimentale. [Song.] Paroles de Marc Constantin","1850","1850","Paris","F Gauvin","","","","Hirsch M.1296.(6.)"
"004162546","Abadie, Louis","","Le Chef-d'œuvre de Dieu. Mélodie ... Paroles de Marc Constantin. (Arrangée pour voix de baryton. 3me édition.)","1880","c 1880","Paris","Richault et cie","","","","H.1654.u.(12.)"
"004162547","Abadie, Louis","","Les Colombes. Rêverie [begins: 'Sur le côteau]. Paroles de T. Gauthier","1850","1850","Paris","","","","","H.2831.e.(2.)"
"004162548","Abadie, Louis","","Beautiful Cloud, whence art thou? (D'où viens-tu, beau nuage.) Song [begins: 'Fleeter than flight'.-'Quel oiseau te dépasse'] translated from the French of Tourte by R. J. de Cordova","1864","1864","New York","","","","","H.1780.(3.)"
"004162549","Abadie, Louis","","Don Guimbardos-y-Blagos. Chanson de genre. Paroles de Etienne Tréfeu","1850","c 1850","Bruxelles","J B Katto","","","","H.1653.r.(9.)"
"004162550","Abadie, Louis","","L'Enfant et le négrier. Romance ... Paroles de Marc Constantin","1845","1845","Paris","J Maho","","","","Hirsch M.1298.(1.)"
"004162551","Abadie, Louis","","Les Feuilles mortes! Mélodie. 2ème édition ... Paroles d'Adolphe Porte, etc. (Pour baryton ou contralto.)","1845","c 1845","Paris","Heugel","","","","H.1653.w.(1.)"
"004162552","Abadie, Louis","","La Fille à Jérome. J' l'aim' t' y. Chansonette ... Paroles de Ch. Desforges de Vassens","1850","1850","Paris","F Gauvin","","","","Hirsch M.1296.(10.)"
"004162553","Abadie, Louis","","Je ne puis te haïr","1853","","","","","","","H.2184.(3.)"
"004162554","Abadie, Louis","","La Marchande des Quatre Saisons. [Song, begins: 'Voici le printemps'.] Paroles de M. Constantin","1850","1850","Paris","","","","","H.2827.d.(1.)"
"004162555","Abadie, Louis","","Le Ravin des Pleurs. Mélodie [begins: 'Il existe un ravin']. Paroles de E. Gaugiran","1850","1850","Paris","","","","","H.2831.e.(1.)"
"004162556","Abadie, Louis","","Le Retour à la vie. [Song, begins: 'Vous m'aviez dit'.] Paroles d'Abadie. Porte","1850","1850","Mayence","","","","","H.2830.d.(1.)"
"004162557","Abadie, Louis","","Si j'étais grande dame. Transcription de C. L. Hess","1881","","","","","","","h.1481.p.(1.)"
"004162558","Abadie, Louis","","Le Toqué. Galimatia. [Song, begins: 'J'ai vu dans un champ.'] Paroles de A. Morance","1850","1850","Bruxelles","","","","","H.2830.d.(2.)"
"004162559","Abady, H. Temple","","A Child's Song in Spring. Unison Song, poem by E. Nesbit, etc","1926","1926","London","J Curwen & Sons","","","","E.861./1698 ; mDON1787"
"004162560","Abady, H. Temple","","He broke his Heart in Clermont Town. [Song.] Poem by Hilaire Belloc, etc","1926","1926","London","J Curwen & Sons","","","","G.1270.s.(1.)"
"004162561","Abady, H. Temple","","The Hills of Argyll. For string orchestra and piano, flute, oboe, clarinet and bassoon ad lib. (From the British Transport film 'Work in Progress'.] [Piano conductor and parts.]","1952","1952","London","Schott and Co","","","","h.3210.i.(68.)"
"004162562","Abady, H. Temple","","Songs of Treasure Island. i. Summer day. ii. The penitent pirate. Lyrics by L. G. Eady","1925","1925","London and New York","Boosey & Co","","","","F.637.xx.(1.)"
"004162563","Abady, H. Temple","","Wherever thee may go. Song, words by Mary Dunn","1950","1950","London","Schott & Co","","","","G.1276.f.(1.)"
"004162564","","","Abandon'd and rejected. [Song.] A favourite Livonian air, the words by a gentleman of Riga","1794","1794","London","","","","","G.805.h.(1.)"
"004162565","","","Abandoned and rejected. A favorite Livonian air. The words by a Gentleman of Riga","1810","1810","London","","","","","G.805.h.(1.)"
"004162566","Abauzit, Jean","","L'Amour et les Roses. Fantasia. [Orchestral and P.F. parts.]","1887","1887","London","J R Lafleur & Son","","","","f.400.ii.(1.)"
"004162567","Abauzit, Jean","","L'Amour et les Roses. Fantasia. Arrd. by H. Millars. [Reed band parts.]","1887","1887","London","J R Lafleur & Son","","","","f.401.dd.(1.)"
"004162568","Abauzit, Jean","","Céleste. Redowa. [P.F. and orchestral parts.]","1885","1885","London","","","","","f.410.g.(1.)"
"004162569","Abauzit, Jean","","Céleste. Redowa. [Reed band parts.]","1885","1885","London","","","","","f.412.o.(1.)"
"004162570","ABBA (Musical group)","","The New York Times Great Songs of ABBA. (Words and music [mainly] by Benny Andersson & Björn Ulvaeus.) Arranged and edited by Milton Okun. (Associate music editor-Dan Fox.)","1980","1980","Greenwich, Conn","Cherry Lane Music Co","","","","G.944"
"004162571","ABBA (Musical group)","","The New York Times Great Songs of ABBA. (Words and music [mainly] by Benny Andersson & Björn Ulvaeus.) Arranged and edited by Milton Okun. (Associate music editor-Dan Fox.)","1980","1980","Greenwich, Conn","Cherry Lane Music Co","","","","F.1680.n"
"004162572","ABBA (Musical group)","","Arrival [and other songs] ... Recorded by Abba on LP Arrival","1976","1976","London","Bocu Music","","","","F.1966.l.(1.)"
"004162573","Abbà-Cornaglia, Pietro","1851-1894","Due Ballate per Mezzo Soprano o Tenore","1882","1882","Milano","","","","","H.1794.(2.)"
"004162574","Abbà-Cornaglia, Pietro","1851-1894","Lontan dagli occhi! ... ? Pensiero affettuoso per Pianoforte","1883","1883","Milano","","","","","h.3280.(1.)"
"004162575","Abbà-Cornaglia, Pietro","1851-1894","Luna di Miele, Capriccio per Pianoforte","1884","1884","Milano","","","","","h.3280.(2.)"
"004162576","Abbà-Cornaglia, Pietro","1851-1894","Non mi negar amore. Romanza","1882","1882","Milano","","","","","H.1794.(1.)"
"004162577","","","L'Abbandono. Aria Siciliana [begins: 'Mi lasciati']","1850","1850","Naples","","","","","C.345.(38.)"
"004162578","Abbate, Charles","","Southern Nights. [Song.] Words and music by C. Abbate","1915","1915","New York","Shapiro, Bernstein & Co","","","","H.3988.kk.(4.)"
"004162579","Abbate, Enrico","","Gilberto. Melodramma in due atti di F. Cimmino. [3 detached pieces.]","1882","1882","Milano","","","","","H.1794.(3.)"
"004162580","Abbatessa, Giovanni Battista","","Cespuglio di Varii Fiori. Ouero Intauolatura de Chitarra Spagnola ... Et il modo d'accordare, con alcune Canzonette da cantarsi à vna, due, e trè voci sopra il Cimbalo hò altri Istromenti, con l'Alfabeto del[l]a Chitarra Spagnola, etc","1635","1635","Orvieto","Ad instantia di Gio Battista Robletti","","","","K.1.a.8"
"004162581","Abbatessa, Giovanni Battista","","Corona di Vaghi Fiori overo Nuova Intavolatura di Chitarra alla Spagnola ... Corretta & di nova agiunta accresciuta","1627","1627","In Venetia","Stampa del Gardano Appresso Bartholomeo Magni","","","","K.1.a.7"
"004162582","Abbatessa, Giovanni Battista","","Ghirlanda di Varii Fiori, ouero Intauolatura di Chitarra Spagnuola, etc","1650","1650","Milano","Appresso Ludouico Monza","","","","K.4.a.10.(3.)"
"004162583","Abbatini, Antonio Maria","","Il Pianto di Rodomonte. [A facsimile of the edition of 1633.]","1971","1971","Bologna","Forni editore","","","","G.1273.mm"
"004162584","Abbatini, Antonio Maria","","Il Sesto Libro di Sacre Canzoni a Due, Tre, Quattro, e Cinque Voci ... Opera Decima, etc. Canto Primo (Secondo.) (Basso.) (Basso per l'Organo.)","1653","1653","Roma","Appresso V Mascardi","","","","D.233"
"004162585","Abbatini, Antonio Maria","","Dal Male il Bene. Comedia, etc. [Extracts.]","1901"," 1901","Leipzig","","","","","2268.c.4"
"004162586","","","The Abbey. Two step and march ... Composed by an eminent Montreal musician. [P.F.]","1906","1906","Montreal","Abbey Effervescent Salt Co","","","","h.4120.(2.)"
"004162587","Abbey, A. J.","","Nearer Home ... Sacred song","1874","1874","London","","","","","H.1778.(4.)"
"004162588","Abbey, A. J.","","The Old House far away. Song and chorus [begins: 'The wild birds warble']","1864","1864","Toledo, Ohio","","","","","H.1780.(2.)"
"004162589","Abbey, A. J.","","A Tear for the comrade that's gone. [Song, begins: 'We laid him to rest'.]","1864","1864","New York","","","","","H.1780.(1.)"
"004162590","Abbey, A. J.","","White Robes; an entirely new collection of choice music ... by A. J. Abbey, M. J. Munger & W.A. Ogden, etc","1880","1880","Wakefield","","","","","A.890"
"004162591","Abbey, A. J.","","The Banner of Victory. A choice selection of songs, duets, quartets and choruses ... by A. J. Abbey and M. J. Munger","","Mas","Boston","","","","","A.890.a"
"004162592","Abbey, Adolf","","Instructive Recreation. A Series of ... Pieces for the Pianoforte, etc","1899","1899","Barnsley","Day & Co","","","","h.3281.u.(2.)"
"004162593","Abbey, Katharine Eleanor","","Battle Hymn of the Republic. [Hymn.] The text by Julia Ward Howe","1918","1918","New York","H W Gray Co","","","","F.1893.(3.)"
"004162594","Abbot, Elizabeth Susan, Baroness Colchester","","Four Songs, words and music by Lady Colchester","1842","1842","London","","","","","H.1664.(15.)"
"004162595","Abbot, J. M.","","Take back the flower. Ballad. Words by C. Gayler","1864","1864","London","","","","","H.1772.(2.)"
"004162596","Abbott, Alan","","Alla caccia. For horn in F and piano. [Score and part.]","1962","1962","London","Arcadia Music Publishing Co","","","","g.1094.j.(4.)"
"004162597","Abbott, Alan","","Black and white Toccata. (For accordion.)","1978","1978","Waterloo, Ontario","Waterloo Music Company","","","","g.657.q.(2.)"
"004162598","Abbott, Alan","","Le Grand âne noir. Accordéon de concert","1978","1978","Waterloo, Ontario","Waterloo Music Company","","","","g.657.q.(3.)"
"004162599","Abbott, Alan","","Initiation à l'accordéon de concert. Initiation to the Concert Accordion. Einführung zum Konzert Akkordeon, etc","1978","1978","Paris","Chappell","","","","g.657.r.(16.)"
"004162600","Abbott, Alan","","Lancinances. Pour accordéon de concert et percussions, etc. [Score.]","1973","1973","Paris","Chappell","","","","h.1568.vv.(7.)"
"004162601","Abbott, Alan","","London Fragments. [For orchestra. Score.]","1965","c 1965","London","Mozart Edition","","","","g.860.kk.(1.)"
"004162602","Abbott, Alan","","Sad Birds. (Oiseaux tristes. For accordion.)","1978","1978","Waterloo, Ontario","Waterloo Music Company","","","","g.657.q.(4.)"
"004162603","Abbott, Arthur","","Ocean Wave March, for the Pianoforte","1904","1904","London","Novello and Co","","","","g.605.hh.(1.)"
"004162604","Abbott, Arthur","","South African Evening Song. Part-Song for S.A.T.B., the words ... by Rev. J. P. Losley","1903","1903","London","Novello and Co","","","","F.321.r.(1.)"
"004162605","Abbott, Arthur J.","","Individual Singing Exercises. Fourth (-Eighth) Grade","1910","(1910)","New York ","American Book Co","","","","D.621.d.(2.)"
"004162606","Abbott, Arthur J.","","Individual Songs for Grammar Grades. [Edited by] A. J. Abbott","1911","(1911)","New York ","American Book Co","","","","C.756.d.(1.)"
"004162607","Abbott, Augustus H. T.","","Hail, Victoria. Carol ... Words by W. H. Oxley ... Melody ... harmonised by A. H. T. Abbott, etc","1897","1897","Richmond","Etherington & Son","","","","G.385.s.(1.)"
"004162608","Abbott, C.W","","The Colored Orphan Boy ... Song with chorus [begins, 'My poor old mother']","1874","1874","London","","","","","H.2345./3804"
"004162609","Abbott, Charles A.","","Vacation Time. March. [P.F.]","1904","1904","Philadelphia","Theodore Presser","","","","h.4120.(3.)"
"004162610","Abbott, Edward J. W.","","Sleep, my little brown Dormouse, sleep. [Song.] Words by Mrs. Harvey Jarvis","1919","1919","London","N M Platt","","","","H.1846.(1.)"
"004162611","Abbott, Edwin B.","1881 or 1882-1956","Harbour of Dreams ... Song. Words by Oakley Stout","1919","1919","Saint Paul, Minn","W J Dyer & Bro","","","","H.3988.kk.(5.)"
"004162612","Abbott, Edwin B.","1881 or 1882-1956","Love's Voice divine ... Song. Lyric by Oakley Stout","1919","1919","Saint Paul, Minn","W J Dyer & Bro","","","","H.3988.kk.(6.)"
"004162613","Abbott, Edwin B.","1881 or 1882-1956","Rose, just suppose. Song, words by O. Stout","1919","1919","New York, London","Culverwell Music Co","","","","G.426.h.(1.)"
"004162614","Abbott, Edwin B.","1881 or 1882-1956","Three Words ... Song. Words by Oakley Stout","1919","1919","Saint Paul, Minn","W J Dyer & Bro","","","","H.3988.kk.(7.)"
"004162615","Abbott, Ernest F.","","Les Echos du Nord, valse pour Piano","1863",", 1863","Offenbach s M","","","","","h.1462.(1.)"
"004162616","Abbott, Ethel","","Waiting for you in the Twilight. Song, words by E. Lockton","1916","1916","London","West & Co","","","","H.1846.(2.)"
"004162617","Abbott, Frederick","","Christ is risen! [Anthem.]","1915","1915","Dayton ","Lorenz Publishing Co","","","","F.281.tt.(1.)"
"004162618","Abbott, H. V.","","Traditional Christmas Carols. Arranged by H. V. Abbott","1928","1928","Dewsbury","H Lodge & Sons","","","","D.619.xx.(21.)"
"004162619","Abbott, Henry","","The Rossendale Hunt waltzes. [P.F.]","1878","1878","London","","","","","h.1494.(1.)"
"004162620","Abbott, Jane Bingham","","Adventures of two little Girls. A Story musically depicted in sketches for the Pianoforte","1902","1902","Chicago","C F Summy Co","","","","g.605.bb.(1.)"
"004162621","Abbott, Jane Bingham","","Alone with God. [Song.]","1903","1903","Chicago","C F Summy Co","","","","H.1187.bb.(1.)"
"004162622","Abbott, Jane Bingham","","Just for today. Sacred Song","1894","1894","Chicago","C F Summy Co","","","","G.517.i.(1.)"
"004162623","Abbott, Jane Bingham","","Lullaby for Voice and Piano","1899","1899","Chicago","C F Summy Co","","","","H.1798.qq.(1.)"
"004162624","Abbott, Jane Bingham","","Song of Hope. Song. [Words by] F. E. Dewhurst","1907","(1907)","Chicago","C F Summy Co","","","","G.805.ee.(1.)"
"004162625","Abbott, Jane Bingham","","Think of To-day. Song. [Words by] H. P. Thomas","1909","(1909)","Chicago","C F Summy Co","","","","G.805.ee.(2.)"
"004162626","Abbott, John M.","","Father breathe an evening blessing ... Hymn","1874","1874","London","","","","","H.2345./3668"
"004162627","Abbott, John M.","","Oberon, valse brillante. [P.F.]","1865","1865","Brooklyn, NY","","","","","h.1459.(1.)"
"004162628","Abbott, Lyman","","The Plymouth Hymnal. For the Church, the social meeting and the home. Edited by L. Abbott with the coöperation of Charles H. Morse and Henry Vaughan Abbott","1894","1894","New York","Outlook Co","","","","C.17.n"
"004162629","Abbott, Lyman","","The Plymouth Hymnal, etc","1903","1903","New York","","","","","C.17.o"
"004162630","Abbott, Mary","","One last fond Look. Song, written & composed by M. Abbott","1883","1883","London","C Herzog & Co","","","","H.1788.(1.)"
"004162631","Abbott, N.B","","If the World only knew. [Song.] Words by Thomas Kerker","1907","1907","Chicago","Victor Kremer Co","","","","H.3982.a.(1.)"
"004162632","Abbott, Ned","","Golden-Rod. (Intermezzo.) [P.F.]","1906","1906","Chicago ","Victor Kremer Co","","","","h.4120.(4.)"
"004162633","Abbott, Nelly","","Ballade et jeu ... For accordion, etc","1978","1978","Waterloo, Ontario","Waterloo Music Company","","","","g.657.q.(5.)"
"004162634","Abbott, Norman","","The Reaper and the Flowers. Song, words by Longfellow","1884","1884","London","Weekes & Co","","","","H.1788.(2.)"
"004162635","Abbott, Norman","","Snow Flakes. Song, written by Longfellow","1883","1883","London","J C Sharp","","","","H.1788.(3.)"
"004162636","Abbott, Norman","","Three Voices. Song, words by H. G. Keene","1883","1883","London","Weekes & Co","","","","H.1788.(4.)"
"004162637","Abbott, Sophie","","Autumn Song. [Song.] Words by Revd. Dr. Rowton","1893","1893","London","Kay & Co","","","","H.1798.(1.)"
"004162638","Abbott, Violet M.","","Remembrance. Air & variations for the pianoforte","1914","1914","London","Weekes & Co","","","","h.3284.t.(1.)"
"004162639","Abbott, W.S","","Now gladly we will sing. [Hymn.] Written and composed by W. S. Abbott","1895","1895","London and New York","Novello, Ewer and Co","","","","C.799.(1.)"
"004162640","Abbott, W.T","","The Madras Polka. [P.F.]","1850","1850","London","","","","","h.942.(3.)"
"004162641","Abbott, W.T","","The Sydenham or the New Crystal Palace polka. [P.F.]","1853","1853","London","","","","","h.953.(1.)"
"004162642","Abbott, William","","Cease your funning, composed by Dr. Arne, arranged for the Pianoforte","1861","1861","London","","","","","h.1460.(5.)"
"004162643","Abbott, William","","The Church of England Psalmody, [edited] by W. Abbott. [P.F., organ.]","1859","1859","London","","","","","H.808"
"004162644","Abbott, William","","Office of the Holy Communion set to music in the key of C","1883","1883","London","","","","","E.597.f.(1.)"
"004162645","Abbott, William","","Fantasia on the favorite Air, Shells of ocean (by J. W. Cherry), for the Piano Forte","1857","1857","London","","","","","h.725.(1.)"
"004162646","Abbott, William","","I'm far away in distant lands. Song, written by C. Wilkes","1867","1867","London","","","","","H.1772.(3.)"
"004162647","Abbott, William","","Jessie of Dumblane, Scotch melody, [by R. A. Smith] arranged for the Pianoforte","1861","1861","London","","","","","h.1460.(6.)"
"004162648","Abbott, William","","Massovia à la Mazourka. [P.F.]","1892","1892","Richmond","The Author","","","","h.1489.d.(1.)"
"004162649","Abbott, William","","Six original compositions ... for the Pianoforte","1881","1881","Richmond","","","","","h.3275.(1.)"
"004162650","Abbott, William","","The Seasons [three songs and a duet.], written, composed, and dedicated to the memory of Thomson by W. Abbott","1859","1859","Richmond","","","","","E.640"
"004162651","Abdey, Alfred William","","Pam the Wonder-Child. A Fairy Play in two acts, written by A. Halsey","1926","1926","London","'The Stage' Play Publishing Bureau","","","","F.690.tt.(4.)"
"004162652","Abdey, Alfred William","","Te Deum in G","1908","1908","","","","","","E.1330"
"004162653","A'becket, Percy","","I was there with ṁine. [Song.] Written and composed by P. A'Becket. (Arranged by John S. Baker.)","1894","1894","London","Francis, Day & Hunter","","","","H.3980.(5.)"
"004162654","A'becket, Thomas","","Columbia, the Gem of the Ocean. S.A.T.B. accompanied, words and music by T. A'Becket. [The original words written by Stephen Joseph Meany and the melody by Thomas Williams.] Arranged by Arthur E. Ward","1948","1948","New York","Harold Flammer","","","","F.1744.g.(40.)"
"004162655","A'becket, Thomas","","Golden Days. Song","1864","1864","Philadelphia","","","","","H.1780.(4.)"
"004162656","A'becket, Thomas","","Lady of the Lake, mazurka de salon. [P.F.]","1864","1864","Philadelphia","","","","","h.1459.(2.)"
"004162657","A'becket, Thomas","","Whispering Trees. Ballad","1864","1864","Philadelphia","","","","","H.1780.(5.)"
"004162658","À Beckett, G. A., Mrs","1817?-1863","Vainly to me of love you speak. Duett ... The words by G. A. A'Beckett","1840","1840","London","","","","","H.2831.i.(1.)"
"004162659","À Beckett, G. A., Mrs","1817?-1863","And must we then in Silence meet. Ballad","1851","1851","London","","","","","H.1725.(1.)"
"004162660","À Beckett, G. A., Mrs","1817?-1863","The Casino Waltz, etc. [P.F.]","1847","1847","","","","","","H.1249"
"004162661","À Beckett, G. A., Mrs","1817?-1863","Dear Italy, ballad, the words by G. A. A'Beckett","1856","1856","London","","","","","H.1746.(2.)"
"004162662","À Beckett, G. A., Mrs","1817?-1863","Dear old England : a patriotic song","1859","1859","London","","","","","H.1771.a.(30.)"
"004162663","À Beckett, G. A., Mrs","1817?-1863","Dear scenes of happier hours, ballad, the words by G. A. A'Beckett","1854","1854","London","","","","","H.1746.(4.)"
"004162664","À Beckett, G. A., Mrs","1817?-1863","Do not smile. Ballad by J. D. Douglas","1851","1851","London","","","","","H.1725.(2.)"
"004162665","À Beckett, G. A., Mrs","1817?-1863","I dream of Thee, [Song] the Words selected ... from the Works of Barry Cornwall, etc","1847","1847","","","","","","H.1249"
"004162666","À Beckett, G. A., Mrs","1817?-1863","Love me if I live, [Song] the Words selected ... from the works of Barry Cornwall, etc","1847","1847","","","","","","H.1249"
"004162667","À Beckett, G. A., Mrs","1817?-1863","Love me if I live. [Song.] The words selected ... from the works of B. Cornwall","1855","1855","London","","","","","H.2832.i.(1.)"
"004162668","À Beckett, G. A., Mrs","1817?-1863","Music's soft measure, duet to the air of the Cachucha sung in the Burletta of 'Wanted a brigand' arranged by Mrs. G. A. A'Beckett","1838","1838","London","","","","","H.1660.(3.)"
"004162669","À Beckett, G. A., Mrs","1817?-1863","My Home must be where'er thou art, a Song, the Words by Mark Lemon","1847","1847","","","","","","H.1249"
"004162670","À Beckett, G. A., Mrs","1817?-1863","Ne'er think that I'll forget thee. Ballad","1850","1850","London","","","","","H.1710.(1.)"
"004162671","À Beckett, G. A., Mrs","1817?-1863","Oh! come again sweet summer time, ballad, the words written by Sir W. A'Beckett","1854","1854","London","","","","","H.1746.(5.)"
"004162672","À Beckett, G. A., Mrs","1817?-1863","The Ridotto Waltz, etc. [P.F.]","1847","1847","","","","","","H.1249"
"004162673","À Beckett, G. A., Mrs","1817?-1863","Take back thy gift, ballad, the words by G. A. A'Beckett","1854","1854","London","","","","","H.1746.(3.)"
"004162674","À Beckett, G. A., Mrs","1817?-1863","Who would from the merry Ball. Song ... in the burletta of Wanted a Brigand, etc","1840","c 1840","London","Chappell","","","","H.1601.w.(23.)"
"004162675","À Beckett, G. A., Mrs","1817?-1863","Lightly won is lightly held. Duet ... Written by Mark Lemon","1847","1847","","","","","","H.1249"
"004162676","À Beckett, G. A., Mrs","1817?-1863","A maiden from her lonely bow'r, a Ballad ... Written by Mark Lemon","1847","1847","","","","","","H.1249"
"004162677","Abeelen, Henri van den","","L'Assaut, galop militaire, pour piano à quatre mains, etc","1859","1859","London","","","","","h.2965.(1.)"
"004162678","Abeelen, Henri van den","","The blue bells of Scotland. [by Mrs Jordan]. Grand caprice de piano, pour la main gauche seule, etc","1859","1859","London","","","","","h.725.(2.)"
"004162679","Abeelen, Henri van den","","The Blue Bells of Scotland [by D. Jordan] Grand Caprice de Piano pour la Main gauche seule","1863","1863","London","","","","","h.2965.(4.)"
"004162680","Abeelen, Henri van den","","Le carillon du village, Bluette, pour Piano","1858","1858","London","","","","","h.725.(3.)"
"004162681","Abeelen, Henri van den","","Le Coucou. Grande Valse Pastorale pour Piano","1861","1861","London","","","","","h.2965.(3.)"
"004162682","Abeelen, Henri van den","","Grand Fantasia de Concert on the national Russian air [by A. F. Lvoff], for the Pianoforte","1867","1867","London","","","","","h.2965.(6.)"
"004162683","Abeelen, Henri van den","","Juno and Ceres from the Tempest. Duet [begins: Honour, riches, marriage, blessing; words by Shakespeare.]","1859","1859","London","","","","","H.1771.(4.)"
"004162684","Abeelen, Henri van den","","Oh! think not I'll forget thee. Song. The words by Corydon","1863","1863","London","","","","","H.1772.(4.)"
"004162685","Abeelen, Henri van den","","Un premier Soupir. Rêverie Sentimentale pour Piano","1863","1863","London","","","","","h.2965.(5.)"
"004162686","Abeelen, Henri van den","","Le Rossignol, rondo brillante pour Piano","1867","1867","London","","","","","h.2965.(7.)"
"004162687","Abeelen, Henri van den","","Tarantelle pour Piano","1860","1860","London","","","","","h.2965.(2.)"
"004162688","Abeelen, Henri van den","","2me Tarantelle pour le Piano","1871","1871","Leamington","","","","","h.2965.(8.)"
"004162689","Abeelen, Henri van den","","Twilight. Song [begins: 'Hot sweet through the lindens']. Words by Corydon","1867","1867","London","","","","","H.1772.(5.)"
"004162690","Abeille, Johann Christian Ludwig","","Amor und Psyche. Ein Singspiel in 4 Aufzügen von F. K. Hiemer ... für das Klavier eingerichtet, etc","1801","1801","Augsburg","","","","","F.702.a"
"004162691","Abeille, Johann Christian Ludwig","","Jacobi's Aschermittwoch Lied in Musik gesetzt [for 4 voices with P. F. accompaniment] ... Opus xi","1798","1798","Augsburg","In der Gombartischen Musik Handlung","","","","D.710"
"004162692","Abeille, Johann Christian Ludwig","","Peter und Aennchen. Singspiel in einem Aufzuge (von F. C. Hiemer). Klavierauszug","1810","1810","Leipzig","","","","","F.702"
"004162693","Abeille, Ludwig","1761-1838","Duett aus dem Singspiel: Peter und Aennchen. [By J. C. L. Abeille.] [1809.] [Beilage zur Allgemeinen musikalischen Zeitung. Jahrg.12, no.3.]","","","","","","","","P.P.1945.a"
"004162694","Death of Abel, Hymn of Eve","","The Favourite Hymn of Eve. In the Oratorio of Abel. [By T. A. Arne.]","1755","1755","London","","","","","G.316.h.(35.)"
"004162695","Death of Abel, Hymn of Eve","","The favourite Hymn of Eve, in Abel. [By T. A. Arne.]","1758","1758","London","","","","","158.l.3"
"004162696","Death of Abel, Hymn of Eve","","The Favourite Hymn of Eve. In the Oratorio of Abel. [By T. A. Arne.]","1760","1760","London","","","","","H.1994.a.(168.)"
"004162697","Arne, Thomas Augustine","1710-1778","The Favourite Hymn of Eve : in the oratorio of Abel [by Thomas Arne]","1780","ca 1780","London","Sk ie Thomas Skillern","","","","G.320.e.(4.)"
"004162698","Death of Abel, Hymn of Eve","","The Hymn of Eve, from the Oratorio of Abel. [By T. A. Arne.]","1800","c 1800","London","E Riley","","","","G.295.x.(50.)"
"004162699","Arne, Thomas Augustine","1710-1778","The Hymn of Eve, from the oratorio of Abel [by T. A. Arne.]","1815","ca 1815","Liverpool","Printed by Hime & Son","","","","G.295.ii.(24.)"
"004162700","Arne, Thomas Augustine","1710-1778","The Hymn of Eve from the Oratorio of Abel. [By T. A. Arne.] Arranged for the Piano Forte","1810","1810","London","Preston & Son","","","","G.320.b.(14.)"
"004162701","Abel, A. L.","","Suitable Songs for Little Singers. Words by S.M. Rodgers","1896","1896","London","J Curwen & Sons","","","","F.636.x.(1.)"
"004162702","Aavik, Juhan","","Valik eesti segakoori laule. Selection of Estonian songs for mixed voices. Urval estniska sȧnger för blandad kör. A capella. [By J. Aavik, Olav Roots and Harry Kiisk.]","1949","1949","Stockholm","Eesti paamat","","","","D.836.l.(1.)"
"004162703","Abel, Karl Friedrich","1723-1787","Kompositionen","1960","1960-78","Cuxhaven","Walter Knape","","","","f.282"
"004162704","Abel, Karl Friedrich","1723-1787","Kompositionen. A, Sinfonien, Band 1","1966","1966","Cuxhaven","Verlag Walter Knape","","","","f.282.a"
"004162705","Abel, Karl Friedrich","1723-1787","Sonata and two other Pieces for Viola da Gamba solo, etc. (British Museum Add. MSS. 31697. Arranged by Leonard Lefkovitch.)","1953","1953","London","Schott & Co","","","","h.1761.(6.)"
"004162706","Abel, Karl Friedrich","1723-1787","Adagios [in score for two violins, tenor and bass.] for the composition of C. F. Abel, published by J. B. Cramer","1820","1820","London","","","","","g.234"
"004162707","Abel, Karl Friedrich","1723-1787","Adagio in A flat for the Pianoforte. (Arranged by J. B. Cramer.)","1874","1874","London","","","","","h.1482.(1.)"
"004162708","Abel, Karl Friedrich","1723-1787","Six Concerts pour le Clavecin ou Piano Forte avec l'Accompagnement de deux Violons et Violoncelle ... Oeuvrexi. [Parts.]","1774","1774","Londres","Imprimés pour l'Auteur, chez R Bremner","","","","R.M.16.a.28.(2.)"
"004162709","Abel, Karl Friedrich","1723-1787","Six concerts pour le clavecin ou piano forte avec l'accompagnement de deux violons et violoncelle ... Oeuvrexi. [Parts.]","1774","1774","Londres","Imprimés pour l'auteur chez R Bremner","","","","Hirsch M.1357"
"004162710","Abel, Karl Friedrich","1723-1787","Six Concerts pour le Clavecin ou Piano Forte avec l'Accompagnement de Deux Violons et Violoncelle ... Oeuvre xi","1774","1774","Londres","Imprimés pour l'Auteur chez R Bremner","","","","h.60.c"
"004162711","Abel, Karl Friedrich","1723-1787","Concerto C-Dur für Flöte und Streichorchester. Herausgegeben von Gerhard-Ewald Peters. [Score.]","1965","1965","Wilhelmshaven","Otto Heinrich Noetzel Verlag","","","","b.400.k.(9.)"
"004162712","Abel, Karl Friedrich","1723-1787","Konzert B-dur für Violoncello (Gambe), Streicher und Continuo. Herausgegeben von Helmut Lomnitzer. Partitur zugleich Cembalo-Stimme, etc","1961","1961","Wolfenbüttel, Zürich","Möseler Verlag","","","","g.420.pp.(2.) ; DON0046"
"004162713","Abel, Karl Friedrich","1723-1787","A Duetto, for two Violoncellos, etc. [Score.]","1788","1788","London","Printed by Birchall & Andrews","","","","g.890.l.(2.)"
"004162714","Abel, Karl Friedrich","1723-1787","Overture. [Parts.]","1763","","","","","","","g.30.c"
"004162715","Abel, Karl Friedrich","1723-1787","Six Overtures in eight parts for Violins, French-horns, Hoboys, one Tenor with a Thorough Bass for the Harpsicord or Violoncello. Opera Prima. [Parts.]","1760","1760","London","Printed for Thompson and Son","","","","R.M.17.d.4.(10.)"
"004162716","Abel, Karl Friedrich","1723-1787","Six Overtures ... Opera Prima. [Parts.]","1765","1765","London","Printed for C and S Thompson","","","","R.M.16.a.23.(1.)"
"004162717","Abel, Karl Friedrich","1723-1787","Six Overtures ... Opera Prima. [Parts.]","1770","1770","London","R Bremner","","","","R.M.16.a.23.(2.)"
"004162718","Abel, Karl Friedrich","1723-1787","Six Overtures ... adapted for the Harpsichord or Piano Forte by the Author, being Opera First","1765","c 1765","London","R Bremner","","","","g.271.(1.)"
"004162719","Abel, Karl Friedrich","1723-1787","Six Overtures ... adapted for the Harpsichord or Piano Forte by the Author, being Opera First","1765","c 1765","London","R Bremner","","","","R.M.17.e.9.(2.)"
"004162720","Abel, Karl Friedrich","1723-1787","Six Favorite Overtures [Op. 1.] adapted for the Harpsicord or Organ","1770","1770","London","Longman, Lukey and Co","","","","R.M.16.a.15.(5.)"
"004162721","Abel, Karl Friedrich","1723-1787","Six Overtures, composed and adapted for the Piano Forte by C. F. Abel. [Op. 1.]","1798","1798","","","","","","D.854"
"004162722","Abel, Karl Friedrich","1723-1787","A Favourite Grand Overture, for the Pianoforte or Harpsichord, composed by George [or rather Charles] Frederick Abel","1790","1790","London","Printed for T Gladman","","","","g.272.(1.)"
"004162723","Abel, Karl Friedrich","1723-1787","Six Overtures in eight parts for two Violins, two Hoboys, two French Horns, one Tenor with a Thorough Bass for the Harpsichord or Violoncello ... Opera 4. [Parts.]","1762","1762","London","Printed for the Author","","","","R.M.16.a.25.(1.)"
"004162724","Abel, Karl Friedrich","1723-1787","Six Overtures in eight Parts for two Violins, two Hoboys, two French Horns, one Tenor with a Thorough Bass for the Harpsicord or Violoncello ... Opera 4. [Parts.]","1762","1762","London","Printed for the Author","","","","h.2830.l.(6.)"
"004162725","Abel, Karl Friedrich","1723-1787","Six Overtures in Eight Parts for Two Violins, Two Hoboys, Two French Horns, one Tenor, with a Thorough Bass, for the Harpsicord or Violoncello ... Opera 4. [Parts.]","1765","c 1765","London","Printed for the Author by R Bremner","","","","g.30.(1.)"
"004162726","Abel, Karl Friedrich","1723-1787","Six Overtures ... Opera 4th. [Parts.]","1780","1780","London","R Bremner","","","","R.M.16.a.25.(2.)"
"004162727","Abel, Karl Friedrich","1723-1787","Six Overtures, in eight parts; with a Thorough Base for the Harpsichord. Opera xiv. [Parts.]","1778","1778","London","R Bremner, for the Author","","","","R.M.16.a.30"
"004162728","Abel, Karl Friedrich","1723-1787","Six Overtures in eight parts ... Op.xvii. [Parts.]","1785","1785","London","R Bremner","","","","R.M.16.b.3"
"004162729","Abel, Karl Friedrich","1723-1787","Six Overtures in eight parts ... Op.xvii. [Parts.]","1790","1790","London","Preston & Son","","","","g.30.f"
"004162730","Abel, Karl Friedrich","1723-1787","The Periodical Overture in 8 Parts. [Parts.]","1766","1766","London","Robert Bremner","","","","h.3210.(22.)"
"004162731","Abel, Karl Friedrich","1723-1787","Six Quartettos for two Violins, a Tenor and Violoncello Obligati ... Opera viii. [Parts.]","1769","1769","London","R Bremner, for the Author","","","","g.234.b"
"004162732","Abel, Karl Friedrich","1723-1787","Six Quartettos for two Violins, a Tenor and Violoncello Obligati ... Opera viii. [Parts.]","1769","1769","London","R Bremner, for the Author","","","","R.M.16.f.14.(2.)"
"004162733","Abel, Karl Friedrich","1723-1787","Six Quartettos for two Violins, a Tenor and Violoncello obligati ... Opera viii. [Parts.]","1775","1775","London","R Bremner","","","","Hirsch M.1358"
"004162734","Abel, Karl Friedrich","1723-1787","Six Quartettos for two Violins, a Tenor and Violoncello obligati ... Opera viii. [Parts.]","1775","1775","London","","","","","R.M.16.b.2"
"004162735","Abel, Karl Friedrich","1723-1787","Six Quartettes à Deux Violons, Alto Viola, et Violoncello Obligato ... Opera viii. [Parts.]","1780","1780","Amsterdam","Chez S Markordt","","","","g.417.a.(1.)"
"004162736","Abel, Karl Friedrich","1723-1787","Six Quartettes à Deux Violons, Alto Viola, et Violoncello Obligato ... Opera viii. [Parts.]","1780","1780","Amsterdam","Chez S Markordt","","","","g.410.(3.)"
"004162737","Abel, Karl Friedrich","1723-1787","Six Quatuors pour Deux Violons, Alto et Violoncello, obligés, etc. [Parts.]","1781","1781","London","Printed for the Author","","","","g.30.d"
"004162738","Abel, Karl Friedrich","1723-1787","Six Quatuors pour Deux Violons, Alto et Violoncello, obligés, etc. [Parts.]","1781","1781","London","Printed for the Author","","","","R.M.16.b.28"
"004162739","Abel, Karl Friedrich","1723-1787","Streichquartett Es dur. Für 2 Violinen, Viola und Violoncell. (Herausgegeben von) W. Hillemann. [Parts.]","1935","1935","Leipzig","Breitkopf & Härtel","","","","g.1234.b"
"004162740","Abel, Karl Friedrich","1723-1787","A Second Set of Six Quartettos for two Violins, a Tenor and Violoncello Obligato ... Op.xii. [Parts.]","1775","1775","Printed for the Author by R Bremner, London","","","","","g.413.(1.)"
"004162741","Abel, Karl Friedrich","1723-1787","A Second Sett of Quartettos for two Violins, a Tenor and Violoncello obligato. Op.xii. [Parts.]","1775","1775","London","R Bremner, for the Author","","","","R.M.16.a.29.(1.)"
"004162742","Abel, Karl Friedrich","1723-1787","Quartet in A. For flute, violin, viola and cello. [Score and parts.]","1963","1963","New York","G Schirmer","","","","g.410.bb.(6.)"
"004162743","Abel, Karl Friedrich","1723-1787","Quartet in A ... For flute (oboe), violin, viola and cello, etc. [Edited by Stanley Sadie. Parts.]","1960","1960","London","Musica Rara","","","","g.410.k.(3.)"
"004162744","Abel, Karl Friedrich","1723-1787","Quartet in G. For flute, violin, viola (da gamba) and violoncello. Edited and arranged by Edgar Hunt. [Parts.]","1951","1951","London","Schott & Co","","","","g.417.mm.(1.)"
"004162745","Abel, Karl Friedrich","1723-1787","Six Sonatas for the Harpsicord with Accompanyments for a Violin or German Flute, and Violoncello ... Opera ii. [Parts.]","1760","1760","London","Printed for the Author","","","","R.M.17.e.1.(6.)"
"004162746","Abel, Karl Friedrich","1723-1787","Six Sonatas for the Harpsicord with Accompanyments for a Violin or German Flute, and Violoncello ... Op.ii","1760","1760","London","Printed for the Author","","","","h.3055.(4.)"
"004162747","Abel, Karl Friedrich","1723-1787","Six Sonatas ... Opera ii. [Parts.]","1765","c 1765","London","R Bremner","","","","R.M.16.a.24.(1.)"
"004162748","Abel, Karl Friedrich","1723-1787","Six Sonatas for two Violins, or a German Flute and Violin, with a Thorough Bass for the Harpsichord ... Opera iii. [Parts.]","1765","1765)","London","Printed for the Author","","","","R.M.17.d.2.(7.)"
"004162749","Abel, Karl Friedrich","1723-1787","Six Sonatas for two Violins, or a German Flute and Violin, with a Thorough Bass for the Harpsichord ... Opera iii. [Parts.]","1770","1770","London","Printed for the Author by R Bremner","","","","g.420.e.(8.)"
"004162750","Abel, Karl Friedrich","1723-1787","Six Sonatas ... Opera iii. [Parts.]","1770","1770","London","R Bremner, for the Author","","","","R.M.17.a.2.(4.)"
"004162751","Abel, Karl Friedrich","1723-1787","Six Sonatas ... Opera iii. [Parts.]","1770","1770","London","R Bremner, for the Author","","","","R.M.17.d.5.(1.)"
"004162752","Abel, Karl Friedrich","1723-1787","Six Sonatas ... Opera iii. [Parts.]","1770","1770","London","R Bremner, for the Author","","","","R.M.17.c.5.(1.)"
"004162753","Abel, Karl Friedrich","1723-1787","Six Sonates pour le Clavecin avec l'Accompagnement d'un Violon, or Flûte Traversière et d'un Violoncelle ... Opera v. [Score.]","1764","1764","London","Printed for the Author by R Bremner","","","","g.234.a"
"004162754","Abel, Karl Friedrich","1723-1787","Six Sonates pour le Clavecin, avec l'Accompagnement d'un Violon ou Flûte Traversière et d'un Violoncelle ... Oeuvre v. [Parts.]","1764","1764","London","Printed for the Author","","","","R.M.16.b.1"
"004162755","Abel, Karl Friedrich","1723-1787","Six Sonates ... Oeuvre v. [Parts.]","1775","1775","London","R Bremner, for the Author","","","","R.M.26.a.2.(1.) ; R.M.26.b.1.(2.)"
"004162756","Abel, Karl Friedrich","1723-1787","Six Sonates ... Opera v. [Parts.]","1780","1780","London","Printed for the author","","","","R.M.16.a.24.(2.)"
"004162757","Abel, Karl Friedrich","1723-1787","Sei Sonate a Solo per il Flauto Traversa e Basso ... Opera Sesta","1765","1765","London","Printed for the Author","","","","R.M.16.a.24.(3.)"
"004162758","Abel, Karl Friedrich","1723-1787","Sei Sonate a Solo per il Flauto Traversa e Basso ... Opera Sesta","1765","1765","London","Printed for the Author by R Bremner","","","","h.3213.g.(1.)"
"004162759","Abel, Karl Friedrich","1723-1787","Sei Sonate a Solo per il Flauto Traversa e Basso ... Opera Sesta","1765","1765","London","Printed for the Author by R Bremner","","","","g.280.c.(1.)"
"004162760","Abel, Karl Friedrich","1723-1787","Sonata in E minor ... For flute and continuo. Edited by Gwilym Beechey. [Score and parts.]","1972","1972","London","Oxford University Press","","","","g.70.uu.(2.)"
"004162761","Abel, Karl Friedrich","1723-1787","Sonata in G-dur für Flöte und Basso continuo ... Herausgegeben von ... Gwilym Beeche. [Score and parts.]","1971","1971","Kassel ","Bärenreiter","","","","g.280.ff.(7.)"
"004162762","Abel, Karl Friedrich","1723-1787","Six Sonatas for a Violin, a Violoncello, & Base, with a Thorough Base for the Harpsichord ... Opera ix. [Parts.]","1770","c 1770","London","Printed for the Author","","","","g.420.(1.)"
"004162763","Abel, Karl Friedrich","1723-1787","Six Sonatas for a Violin, a Violoncello, & Base, with a Thorough Base for the Harpsichord ... Opera ix. [Parts.]","1770","c 1770","London","Printed for the Author","","","","R.M.16.a.27"
"004162764","Abel, Karl Friedrich","1723-1787","Six Sonates pour le Clavecin, ou Piano Forte, avec accompagnement d'un Violon ... Oeuvre xiii","1777","1777","London","Printed for the Author by R Bremner","","","","g.30.b"
"004162765","Abel, Karl Friedrich","1723-1787","Six Sonates pour le Clavecin ou Piano Forte, avec Accompagnement d'un Violon ... Oeuvre xiii","1777","1777","London","R Bremner, for the Author","","","","R.M.16.a.29.(2.)"
"004162766","Abel, Karl Friedrich","1723-1787","Six sonates pour le clavecin ou piano forte avec accompagnement d'un violon ... Oeuvre xiii. [Parts.]","1780","c 1780","London","J Betz","","","","g.30.g"
"004162767","Abel, Karl Friedrich","1723-1787","Sonate in A dur für Violine und Klavier. Op. 13. Nr. 3. (Herausgegeben von F. Piersig.)","1928","1928","Leipzig","Breitkopf & Härtel","","","","g.500.r.(2.)"
"004162768","Abel, Karl Friedrich","1723-1787","Six Sonates pour le Clavecin ou Piano-Forte, avec l'accompagnement d'un Violon ... Oeuvre xviii","1784","1784","Londres","Chez S A & P Thompson","","","","h.60.(1.)"
"004162769","Abel, Karl Friedrich","1723-1787","Six Sonatas for the Piano Forte with an Accompaniment for a Violin ... Dedicated to the Queen. etc","1785","1785","London","Printed for Harrison & Co","","","","e.680"
"004162770","Abel, Karl Friedrich","1723-1787","Six Sonatas for the Piano Forte, with an Accompaniment for a Violin ... Dedicated to the Queen","1797","1797","","","","","","D.854"
"004162771","Abel, Karl Friedrich","1723-1787","[Sonatas]","1796","","","","","","","g.247.(1.)"
"004162772","Abel, Karl Friedrich","1723-1787","Sonate in B dur für Violine und Klavier. (Herausgegeben von F. Piersig.)","1928","1928","Leipzig","Breitkopf & Härtel","","","","g.500.r.(1.)"
"004162773","Abel, Karl Friedrich","1723-1787","Sonate in E moll ... Neuausgabe für Viola da Gamba und Cembalo oder Violoncello und Klavier bearbeitet und herausgegeben von C. Döbereiner, etc","1928","1928","Mainz und Leipzig","B Schott's Söhne","","","","g.514.r.(7.)"
"004162774","Abel, Karl Friedrich","1723-1787","Two Sonatinas for Violin and Piano, Violoncello ad libitum. Newly edited for practical use by Günter Raphael","1938","1938","London","Hinrichsen Edition","","","","g.500.r.(3.)"
"004162775","Abel, Karl Friedrich","1723-1787","The Overture ... for two Violins, 2 Hoboys, 2 French Horns, a Tenor, with a Bass for the Harpsicord, & Violoncello","1766","1766","London","Printed at the late Mr I Walsh's","","","","g.30.(2.)"
"004162776","Abel, Karl Friedrich","1723-1787","Six selected Symphonies. Edited by Sanford Helm. [Score. With facsimiles.]","1977","1977","Madison, Wisc","A-R Editions","","","","G.1490.c./3"
"004162777","Abel, Karl Friedrich","1723-1787","Six Simphonies à deux Violons, deux Hautbois, deux Cors de Chasse, alto Viola et Basse ... Oeuvre vii. [Parts.]","1767","1767","London","Printed for the Author by R Bremner","","","","g.30.a"
"004162778","Abel, Karl Friedrich","1723-1787","Six Simphonies à deux Violons, deux Hautbois, deux Cors de Chasse, alto Viola et Basse ... Oeuvre vii. [Parts.]","1767","1767","London","Printed for the Author by R Bremner","","","","R.M.16.f.16.(21.)"
"004162779","Abel, Karl Friedrich","1723-1787","Six Simphonies ... Oeuvre vii. [Parts.]","1780","1780","London","Printed for the Author","","","","R.M.16.a.26"
"004162780","Abel, Karl Friedrich","1723-1787","Symphonie op. vii, No. 6, Es-Dur ... <[Arranged by] W.A. Mozart.> Herausgegeben von ... Fritz Kneusslin. [Score.]","1976","1976","Basel","Edition Kneusslin","","","","g.80.v.(5.)"
"004162781","Abel, Karl Friedrich","1723-1787","Six Simphonies à deux Violons, Taille & Basse, Hautbois & Cors de Chasse ... Oeuvre x. [Parts.]","1773","1773","Londres","Imprimés pour l'Auteur, chez R Bremner","","","","g.474.(1.)"
"004162782","Abel, Karl Friedrich","1723-1787","Six Simphonies à deux Violons, Taille & Basse, Hautbois & Cors de Chasse ... Oeuvre x. [Parts.]","1773","1773","Londres","Imprimés pour l'Auteur, chez R Bremner","","","","g.474.a.(2.)"
"004162783","Abel, Karl Friedrich","1723-1787","Six Simphonies à deux Violons, Taille & Basse, Hautbois & Cors de Chasse ... Oeuvre x. [Parts.]","1773","1773","Londres","Imprimés pour l'Auteur, chez R Bremner","","","","R.M.16.a.28.(1.)"
"004162784","Abel, Karl Friedrich","1723-1787","Tempo di minuetto. Adapted and arranged [for violin and P.F.] by A. Moffat, etc","1928","1928","London","Augener","","","","g.500.n.(8.)"
"004162785","Abel, Karl Friedrich","1723-1787","Symphony in E flat. Arr. by A. Carse, etc. (Full Score, Parts, Figured Bass Part arranged for Piano or Harpsichord.)","1935","1935","London","Augener","","","","g.219.i"
"004162786","Abel, Karl Friedrich","1723-1787","Romance. Adapted and arranged [for violin and P. F.] by A. Moffat, etc","1928","1928","London","Augener","","","","g.500.n.(7.)"
"004162787","Abel, Karl Friedrich","1723-1787","Romance for Violoncello & Piano. Adapted & arranged by A. Moffat. The Violoncello part revised by D. Sissermann","1928","1928","London","Augener","","","","g.514.r.(19.)"
"004162788","Abel, Karl Friedrich","1723-1787","Six Simphonies à deux Violons, Taille & Basse, Deux Hautbois ou Flutes, & Deux Cors de Chasse ad Libitum ... Oeuvre xiv. [Parts.]","1780","1780","Berlin, Amsterdam","Chèz J J Hummel","","","","g.30.e"
"004162789","Abel, Karl Friedrich","1723-1787","Sinfonia xvi. [In D.] [Parts.]","1767","","","","","","","R.M.16.f.16.(20.)"
"004162790","Abel, Karl Friedrich","1723-1787","Three Trios for a Violin, Violoncello and Bass figur'd for the Organ or Harpsicord [Parts.]","1775","1775","London","Longman, Lukey & Co","","","","h.5.c.(1.)"
"004162791","Abel, Karl Friedrich","1723-1787","Six Trios for a Violin, Tenor and Violoncello ... Opxvi. [Parts.]","1783","1783","London","Printed for R Bremner","","","","g.420.c.(1.)"
"004162792","Abel, Karl Friedrich","1723-1787","Six Trios for a Violin, Tenor and Violoncello ... Opxvi. [Parts.]","1783","1783","London","Printed for R Bremner","","","","g.420.d.(1.)"
"004162793","Abel, Karl Friedrich","1723-1787","Six Trios for a Violin, Tenor and Violoncello ... Opxvi. [Parts.]","1783","1783","London","Printed for R Bremner","","","","Hirsch M.1359"
"004162794","Abel, Karl Friedrich","1723-1787","Four Trios, two for Two Flutes and a Bass, and two for a Flute, Violin and Bass ... Opera xvi. [Parts.]","1783","1783","London","John Preston","","","","g.420.e.(7.)"
"004162795","Abel, Karl Friedrich","1723-1787","Four Trios, two for Two Flutes and a Bass, and two for a Flute, Violin and Bass ... Opera xvi. [Parts.]","1783","1783","London","John Preston","","","","R.M.17.c.3.(13.)"
"004162797","Abel, Karl Friedrich","1723-1787","Six Overtures in eight parts for Violins, French-horns, Hoboys, one Tenor with a Thorough Bass for the Harpsicord or Violoncello. Opera Prima. [Parts.] Printed for Thompson and Son: London, [1760?]","1761","1761","London","John Johnson","","","","h.2770.(1.)"
"004162798","Abel, Karl Friedrich","1723-1787","Six Sonates ... Opera v. [Parts.] Printed for the Author: London, [1780?]","1807","WM 1807","London","Preston & Son","","","","g.934.dd.(8.)"
"004162799","Abel, J. L.","","La Speranza, an introduction and rondo, for the pianoforte, etc","1822","wm 1822","London","Printed by T Boosey & Co","","","","h.61.h.(1.)"
"004162800","Abel, J. L.","","Four new Waltzes for the Piano Forte","1821","1821","London","","","","","h.930.(1.)"
"004162801","Abel, J. L.","","Whilst the Mist o'er the Mountain, new words by Mrs Cleobury, adapted with new symphonies & accompaniments to the admired air of the 'Swiss Boy' by J. L. Abel. In: Moscheles (I.) [Tyrolese Melodies. No. 1.] The Swiss Boy, etc. p. 5. [c. 1830.]","","","","","","","","H.1980.o.(9.)"
"004162802","Abel, J. L.","","'Whilst the Mist o'er the Mountain.' New words by Mrs. Cleobury. Adapted, with new symphonies and accompaniments, to the admired air of the 'Swiss Boy', by J. L. Abel","1830","c 1830","","","","","","H.1652.ll.(16.)"
"004162803","Abel, J. L.","","'Whilst the Mist o'er the Mountain'. New words by Mrs. Cleobury. Adapted, with new symphonies and accompaniments, to the admired air of the 'Swiss Boy', by J. L. Abel","1830","c 1830","","","","","","H.1601.n.(15.)"
"004162804","Abel, John","active 1837","The Better Land. Das bessere Land. [Song, begins: 'I hear thee speak'.-'Ich hör dich reden'.] The poetry by F. Hemans. (The German version by A. H. Engelbach.)","1840","1840","London","","","","","H.2832.i.(2.)"
"004162805","Abel, John","active 1837","Fantasia on themes from Barnett's Opera, Fair Rosamond. Arranged for the Piano Forte","1837","1837","London","","","","","h.700.(1.)"
"004162806","Abel, John","active 1837","Introduzionè e capriccio on the Yager chorus from Rooke's ... opera Amilie. [P.F.]","1838","1838","London","","","","","h.726.h.(1.)"
"004162807","Abel, L. Earl","","Some Bells that ring. [Song.] Lyric & music by L. E. Abel","1919","1919","","","","","","H.3988.kk.(8.)"
"004162808","Abel, Ludwig","","30 Études pour le Violon avec accompagnement d'un second Violon, etc","1876",", 1876","Offenbach a M","","","","","g.613"
"004162809","Abel, Ludwig","","Gebrochene Accorde und Arpeggien in allen Tonarten für die Violine allein ... Op. 11","1888","1888","Leipzig","R Forberg","","","","h.1112.b.(2.)"
"004162810","Abel, Ludwig","","Studienwerk für Violine allein. 85 Studien älterer Meister ... in systematischer Reihenfolge ... herausgegeben und bezeichnet von L. Abel","1894","1894","Leipzig","Steingräber","","","","h.1753.b.(1.)"
"004162811","Abel, Ludwig","","Vierundzwanzig kleine Violin-Etuden in der 1sten. Lage ... Op. 10","1888","1888","Leipzig","R Forberg","","","","h.1112.b.(1.)"
"004162812","Abel, Marion","","Phyllis. A Dream-for Violin and Piano","1900","1900","London","Phillips & Page","","","","h.1612.g.(1.)"
"004162813","Abel, Marion","","Spring Song. [Song.] Words by M. Tyndale","1902","1902","London","J Williams","","","","H.1799.kk.(7.)"
"004162814","Abel, William E.","","The Centenary Service of Song, to commemorate the establishment of Sunday Schools ... By B. Clarke ... Music arranged by W. E. Abel","1880","1880","London","","","","","D.675.c.(2.)"
"004162815","Abela, Salvatore Galea","","Edna. Polka. Mandolin Solo with easy Accompaniment for Piano","1901","1901","","","","","","h.196"
"004162816","Abela, Salvatore Galea","","Malta. March. Mandolin Solo with easy Accompaniment for Piano","1901","1901","","","","","","h.196"
"004162817","Abeles, Edward S.","","The Raccoon and the Bee. Coon Song, words and music by E. S. Abeles","1896","1896","New York","Witmark & Sons","","","","H.1798.(2.)"
"004162818","Abeles, Edward S.","","To me you're a Baby, Dear. [Song.] (Words and music by E. S. Abeles.)","1896","1896","London","Francis, Day & Hunter","","","","H.1798.(3.)"
"004162819","Abeleven, W. J.","","Fanfare Militaire.-Grand Parade March.-Pianoforte Solo","1905","1905","Cape Town","Mc Kay & Co","","","","g.605.qq.(1.)"
"004162820","Abell, E.","","The Red Rose of Old England. National song [begins: 'O peerless on the field of fame']. (Written by H. F. Abell.)","1878","1878","London","","","","","H.1783.(1.)"
"004162821","Abell, John","","Aloud proclaim the cheerful Sound. A Song on Queen Ann's Coronation, the Words by Mr. Tate. Set and Sung by Mr. Abell; & ... engrav'd by T. Cross","1702","1702","London","","","","","K.7.i.2.(8.)"
"004162822","Abell, John","","Aloud proclaim the cheerful Sound. A Song on the Queen's Coronation, etc","1702","1702","London","","","","","K.2.g.15.(4.)"
"004162823","Abell, John","","A Choice Collection of Italian Ayres, for all sorts of Voices, Violin and Flute: Printed in the English Cliff, and Sung to the Nobility and Gentry in the North of England; and at both Theatres in London","1703","1703","London","William Pearson","","","","G.97.a"
"004162824","Abell, John","","A Collection of Songs, in Several Languages, etc","1701","1701","London","William Pearson","","","","K.2.g.15.(1.)"
"004162825","Abell, John","","A Collection of Songs, in Several Languages, etc","1701","1701","London","William Pearson","","","","G.97"
"004162826","Abell, John","","Ye brave Boys and Tars. The Duke of Ormond's March: or a Ballad for the Encouragement of Soldiers and Seamen, to the Service of Her Majesty, under His Graces Command. Words by T. Wall","1702","1702","London","William Pearson","","","","K.2.g.15.(5.)"
"004162827","Abelle, Victor","","Chanson d'Autrefois, pour Piano. Op. 13","1906","1906","Boston ","B F Wood Music Co","","","","g.605.qq.(5.)"
"004162828","Abelle, Victor","","Chant du Soir-Evening Song-pour Pianoforte. Op. 18","1907","1907","Boston ","B F Wood Music Co","","","","g.605.qq.(10.)"
"004162829","Abelle, Victor","","Danse Bretagne, pour Piano. Op. 25","1909","1909","Boston ","B F Wood Music Co","","","","g.606.b.(5.)"
"004162830","Abelle, Victor","","En Badinant. Valse brillante pour Piano. Op. 12","1906","1906","Boston ","B F Wood Music Co","","","","g.605.qq.(4.)"
"004162831","Abelle, Victor","","Fascination. Valse brillante pour Piano. Op. 23","1908","1908","Boston ","B F Wood Music Co","","","","g.606.b.(3.)"
"004162832","Abelle, Victor","","La Flatteuse, pour Pianoforte. Op. 16","1906","1906","Boston ","B F Wood Music Co","","","","g.605.qq.(8.)"
"004162833","Abelle, Victor","","Folâtrerie.-Frolics.-Valse brillante pour Piano. Op. 30","1910","1910","Boston ","B F Wood Music Co","","","","g.606.b.(10.)"
"004162834","Abelle, Victor","","Gavotte de la Reine, pour Piano. Op. 22","1908","1908","Boston ","B F Wood Music Co","","","","g.606.b.(2.)"
"004162835","Abelle, Victor","","Gavotte Royale, pour Piano. Op. 26","1909","1909","Boston ","B F Wood Music Co","","","","g.606.b.(6.)"
"004162836","Abelle, Victor","","Le Joyeux Meunier. The Happy Miller. Der lustige Müller, pour Piano. Op. 27","1909","1909","Boston ","B F Wood Music Co","","","","g.606.b.(7.)"
"004162837","Abelle, Victor","","Joyeux Retour, pour Pianoforte. Op. 10","1906","1906","Boston ","B F Wood Music Co","","","","g.605.qq.(2.)"
"004162838","Abelle, Victor","","Marche des Druides, pour Piano-forte. Op. 17","1907","1907","Boston ","B F Wood Music Co","","","","g.605.qq.(9.)"
"004162839","Abelle, Victor","","Méditation, pour Piano. Op. 24","1909","1909","Boston ","B F Wood Music Co","","","","g.606.b.(4.)"
"004162840","Abelle, Victor","","Un Mot du Cœur-Heart's Message-pour Piano. Op. 20","1907","1907","Boston ","B F Wood Music Co","","","","g.605.qq.(12.)"
"004162841","Abelle, Victor","","Pensant à toi.-Thinking of thee.-Mélodie pour Pianoforte. Op. 29","1910","1910","Boston ","B F Wood Music Co","","","","g.606.b.(9.)"
"004162842","Abelle, Victor","","Pierrot et Pierrette, pour Piano-forte. Op. 11","1906","1906","Boston ","B F Wood Music Co","","","","g.605.qq.(3.)"
"004162843","Abelle, Victor","","Scintillement d'Étoiles. Twinkling Stars, pour Piano. Op. 21","1908","1908","Boston ","B F Wood Music Co","","","","g.606.b.(1.)"
"004162844","Abelle, Victor","","Sevillana. Danse Espagnole pour Piano. Op. 15","1906","1906","Boston ","B F Wood Music Co","","","","g.605.qq.(7.)"
"004162845","Abelle, Victor","","Soir d'Été. Summer Evening. Sommer Abend, pour Piano. Op. 28","1909","1909","Boston ","B F Wood Music Co","","","","g.606.b.(8.)"
"004162846","Abelle, Victor","","Souvenance. Mélodie pour Piano-forte. Op. 14","1906","1906","Boston ","B F Wood Music Co","","","","g.605.qq.(6.)"
"004162847","Abelle, Victor","","Tarentelle, pour Pianoforte. Op. 19","1907","1907","Boston ","B F Wood Music Co","","","","g.605.qq.(11.)"
"004162848","Abelli","","I'm a laughing Zingarella, etc. [Song.] Eng. & Ital","1870","c 1870","London","A Hammond & Co","","","","H.2401.f.(23.)"
"004162849","Abelspies, J. F. Carl","","Harp-Guitar Tutor","1894","1894","London","J F C Abelspies","","","","h.259.e.(8.)"
"004162850","","","Abendlied. [Part-song.]","1873","","","","","","","E.600.p.(11.)"
